Timestamp,SampleNr,AccX [mg],AccY [mg],AccZ [mg],GyrX [rad/s],GyrY [rad/s],GyrZ [rad/s],MagX [mGs],MagY [mGs],-MagZ [mGs],Battery [mV],Temperature [0.1C],Pressure[Pa]
12:55:1.851,7989,-114.2578125,461.9140625,-895.5078125,-0.07330382858376185,-0.07696902001294993,-0.0317649923862968,-1807,-1580,-918,3832,313,100642
12:55:1.871,7990,-111.328125,458.0078125,-889.6484375,-0.07208209810736582,-0.06963863715457375,-0.0317649923862968,-1807,-1580,-918,3832,313,100642
12:55:1.892,7991,-119.140625,459.9609375,-882.8125,-0.06963863715457375,-0.0989601685880785,-0.024434609527920613,-1807,-1580,-918,3842,313,100646
12:55:1.983,7992,-115.234375,453.125,-883.7890625,-0.08918632477691024,-0.08429940287132612,-0.03054326190990077,-1800,-1576,-921,3842,313,100646
12:55:2.4,7993,-122.0703125,456.0546875,-876.953125,-0.09285151620609834,-0.08552113334772216,-0.01832595714594046,-1800,-1576,-921,3842,313,100646
12:55:2.14,7994,-123.046875,465.8203125,-864.2578125,-0.08918632477691024,-0.07208209810736582,-0.013439035240356337,-1800,-1576,-921,3842,313,100646
12:55:2.35,7995,-118.1640625,466.796875,-862.3046875,-0.06841690667817772,-0.0671951762017817,-0.0024434609527920616,-1800,-1576,-921,3842,313,100646
12:55:2.55,7996,-106.4453125,461.9140625,-860.3515625,-0.06963863715457375,-0.05497787143782139,-0.013439035240356337,-1800,-1576,-921,3842,313,100646
12:55:2.76,7997,-122.0703125,454.1015625,-861.328125,-0.09162978572970232,-0.04642575810304917,-0.0317649923862968,-1808,-1575,-920,3842,313,100646
12:55:2.96,7998,-112.3046875,456.0546875,-879.8828125,-0.12461650859239513,-0.03787364476827696,-0.05742133239061345,-1808,-1575,-920,3842,313,100646
12:55:2.106,7999,-123.046875,456.0546875,-877.9296875,-0.11239920382843484,-0.04031710572106901,-0.05375614096142535,-1808,-1575,-920,3842,313,100646
12:55:2.127,8000,-115.234375,459.9609375,-874.0234375,-0.07819075048934597,-0.04520402762665313,-0.05619960191421742,-1808,-1575,-920,3842,313,100646
12:55:2.147,8001,-112.3046875,455.078125,-877.9296875,-0.06475171524898964,-0.04398229715025711,-0.03543018381548489,-1808,-1575,-920,3842,313,100646
12:55:2.177,8002,-115.234375,453.125,-876.953125,-0.06475171524898964,-0.04642575810304917,-0.03054326190990077,-1810,-1577,-917,3842,313,100646
12:55:2.198,8003,-111.328125,457.03125,-877.9296875,-0.08429940287132612,-0.039095375244672985,-0.023212879051524585,-1810,-1577,-917,3842,313,100646
12:55:2.218,8004,-104.4921875,455.078125,-881.8359375,-0.1075122819228507,-0.039095375244672985,-0.03298672286269283,-1810,-1577,-917,3842,313,100646
12:55:2.239,8005,-114.2578125,457.03125,-892.578125,-0.09651670763528641,-0.03543018381548489,-0.03420845333908886,-1810,-1577,-917,3842,313,100646
12:55:2.259,8006,-115.234375,454.1015625,-903.3203125,-0.08185594191853407,-0.05009094953223726,-0.024434609527920613,-1806,-1574,-926,3842,313,100646
12:55:2.269,8007,-102.5390625,451.171875,-901.3671875,-0.09407324668249437,-0.05619960191421742,-0.009773843811168246,-1806,-1574,-926,3842,313,100646
12:55:2.290,8008,-108.3984375,460.9375,-898.4375,-0.09407324668249437,-0.07330382858376185,-0.009773843811168246,-1806,-1574,-926,3842,313,100646
12:55:2.310,8009,-111.328125,463.8671875,-897.4609375,-0.06108652381980154,-0.07330382858376185,-0.012217304763960306,-1806,-1574,-926,3842,313,100646
12:55:2.331,8010,-114.2578125,458.984375,-898.4375,-0.05986479334340551,-0.08063421144213802,-0.013439035240356337,-1806,-1574,-926,3842,313,100646
12:55:2.341,8011,-108.3984375,456.0546875,-891.6015625,-0.07941248096574201,-0.08063421144213802,-0.006108652381980153,-1801,-1574,-906,3842,313,100646
12:55:2.361,8012,-110.3515625,461.9140625,-880.859375,-0.10262536001726659,-0.09773843811168245,-0.009773843811168246,-1801,-1574,-906,3842,313,100646
12:55:2.382,8013,-116.2109375,466.796875,-873.046875,-0.08429940287132612,-0.0952949771588904,-0.024434609527920613,-1801,-1574,-906,3842,313,100646
12:55:2.403,8014,-102.5390625,471.6796875,-857.421875,-0.07086036763096978,-0.09040805525330627,-0.012217304763960306,-1801,-1574,-906,3842,313,100646
12:55:2.423,8015,-115.234375,453.125,-855.46875,-0.05009094953223726,-0.07696902001294993,-0.019547687622336492,-1801,-1574,-906,3842,313,100646
12:55:2.434,8016,-122.0703125,452.1484375,-858.3984375,-0.11850785621041499,-0.07208209810736582,-0.03787364476827696,-1802,-1573,-914,3842,313,100646
12:55:2.454,8017,-110.3515625,465.8203125,-862.3046875,-0.11972958668681102,-0.052534410485029326,-0.023212879051524585,-1802,-1573,-914,3842,313,100646
12:55:2.475,8018,-111.328125,468.75,-864.2578125,-0.06108652381980154,-0.0476474885794452,-0.01832595714594046,-1802,-1573,-914,3842,313,100646
12:55:2.495,8019,-111.328125,448.2421875,-865.234375,-0.06475171524898964,-0.04642575810304917,-0.03787364476827696,-1802,-1573,-914,3842,313,100646
12:55:2.505,8020,-111.328125,458.0078125,-881.8359375,-0.1233947781159991,-0.05375614096142535,-0.048869219055841226,-1800,-1574,-904,3842,313,100646
12:55:2.526,8021,-110.3515625,475.5859375,-887.6953125,-0.0952949771588904,-0.04642575810304917,-0.0476474885794452,-1800,-1574,-904,3842,313,100646
12:55:2.546,8022,-106.4453125,463.8671875,-883.7890625,-0.0317649923862968,-0.04642575810304917,-0.024434609527920613,-1800,-1574,-904,3842,313,100646
12:55:2.567,8023,-106.4453125,449.21875,-895.5078125,-0.048869219055841226,-0.05742133239061345,-0.021991148575128554,-1800,-1574,-904,3842,313,100646
12:55:2.588,8024,-108.3984375,463.8671875,-912.109375,-0.08918632477691024,-0.0671951762017817,-0.0158824961931484,-1800,-1574,-904,3842,313,100646
12:55:2.598,8025,-104.4921875,469.7265625,-903.3203125,-0.0830776723949301,-0.07330382858376185,-0.012217304763960306,-1804,-1569,-927,3842,313,100646
12:55:2.618,8026,-107.421875,478.515625,-894.53125,-0.09040805525330627,-0.08063421144213802,-0.025656340004316647,-1804,-1569,-927,3842,313,100646
12:55:2.639,8027,-105.46875,476.5625,-889.6484375,-0.05742133239061345,-0.11239920382843484,-0.025656340004316647,-1804,-1569,-927,3842,313,100646
12:55:2.659,8028,-100.5859375,467.7734375,-878.90625,-0.04398229715025711,-0.08918632477691024,-0.02809980095710871,-1804,-1569,-927,3842,313,100646
12:55:2.670,8029,-98.6328125,465.8203125,-859.375,-0.06841690667817772,-0.09285151620609834,-0.03420845333908886,-1804,-1569,-927,3842,313,100646
12:55:2.690,8030,-102.5390625,447.265625,-856.4453125,-0.1148426647812269,-0.07452555906015788,-0.058643062867009474,-1805,-1572,-926,3842,313,100646
12:55:2.711,8031,-123.046875,446.2890625,-849.609375,-0.11850785621041499,-0.07330382858376185,-0.06597344572538566,-1805,-1572,-926,3842,313,100646
12:55:2.731,8032,-116.2109375,457.03125,-852.5390625,-0.06963863715457375,-0.05986479334340551,-0.04031710572106901,-1805,-1572,-926,3842,313,100646
12:55:2.741,8033,-105.46875,433.59375,-847.65625,-0.03543018381548489,-0.048869219055841226,-0.03665191429188092,-1805,-1572,-926,3842,313,100646
12:55:2.762,8034,-102.5390625,429.6875,-848.6328125,-0.05986479334340551,-0.03787364476827696,-0.01832595714594046,-1802,-1571,-915,3842,313,100646
12:55:2.782,8035,-117.1875,441.40625,-835.9375,-0.0989601685880785,-0.03298672286269283,-0.023212879051524585,-1802,-1571,-915,3842,313,100646
12:55:2.802,8036,-101.5625,436.5234375,-837.890625,-0.05986479334340551,-0.003665191429188092,-0.010995574287564277,-1802,-1571,-915,3842,313,100646
12:55:2.823,8037,-98.6328125,407.2265625,-810.546875,-0.06597344572538566,0.019547687622336492,-0.024434609527920613,-1802,-1571,-915,3842,313,100646
12:55:2.833,8038,-118.1640625,408.203125,-812.5,-0.1038470904936626,0.03420845333908886,-0.020769418098732523,-1802,-1571,-915,3842,313,100646
12:55:2.853,8039,-94.7265625,403.3203125,-819.3359375,-0.09040805525330627,0.06230825429619757,0.020769418098732523,-1799,-1572,-916,3842,313,100646
12:55:2.874,8040,-80.078125,384.765625,-820.3125,-0.04398229715025711,0.09040805525330627,0.05009094953223726,-1799,-1572,-916,3842,313,100646
12:55:2.894,8041,-98.6328125,353.515625,-800.78125,-0.13316862192716736,0.09285151620609834,0.052534410485029326,-1799,-1572,-916,3836,313,100643
12:55:2.915,8042,-99.609375,378.90625,-813.4765625,-0.20647245051092922,0.12828170002158323,0.07941248096574201,-1799,-1572,-916,3836,313,100643
12:55:2.925,8043,-92.7734375,425.78125,-840.8203125,-0.10629055144645469,0.18814649336498873,0.16004669240788005,-1799,-1572,-916,3836,313,100643
12:55:2.965,8044,-72.265625,434.5703125,-805.6640625,0.12095131716320705,0.20891591146372127,0.2211332162276816,-1795,-1569,-911,3836,313,100643
12:55:2.986,8045,-74.21875,397.4609375,-789.0625,0.10629055144645469,0.2211332162276816,0.2309070600388498,-1795,-1569,-911,3836,313,100643
12:55:2.996,8046,-47.8515625,456.0546875,-815.4296875,0.0012217304763960308,0.22846359908605776,0.2296853295624538,-1795,-1569,-911,3836,313,100643
12:55:3.16,8047,-47.8515625,486.328125,-806.640625,0.048869219055841226,0.2724458962363148,0.2235766771804736,-1795,-1569,-911,3836,313,100643
12:55:3.36,8048,-41.9921875,452.1484375,-784.1796875,0.1466076571675237,0.3262020371977402,0.1869247628885927,-1795,-1569,-911,3836,313,100643
12:55:3.57,8049,-33.203125,419.921875,-755.859375,0.12461650859239513,0.3469714552964728,0.14416419621473164,-1782,-1576,-907,3836,313,100643
12:55:3.78,8050,-18.5546875,427.734375,-769.53125,0.09285151620609834,0.3824016391119576,0.15149457907310784,-1782,-1576,-907,3836,313,100643
12:55:3.88,8051,-18.5546875,420.8984375,-777.34375,0.12950343049797927,0.4459316238845512,0.16371188383706814,-1782,-1576,-907,3836,313,100643
12:55:3.109,8052,-0.0,415.0390625,-771.484375,0.16737707526625623,0.4825835381764321,0.13316862192716736,-1782,-1576,-907,3836,313,100643
12:55:3.129,8053,21.484375,363.28125,-767.578125,0.1356120828799594,0.5314527572322734,0.1233947781159991,-1767,-1581,-904,3836,313,100643
12:55:3.150,8054,29.296875,365.234375,-721.6796875,-0.026878070480712675,0.5705481324769464,0.13316862192716736,-1767,-1581,-904,3836,313,100643
12:55:3.160,8055,30.2734375,464.84375,-791.9921875,-0.058643062867009474,0.6304129258203519,0.1954768762233649,-1767,-1581,-904,3836,313,100643
12:55:3.180,8056,63.4765625,455.078125,-791.015625,0.1869247628885927,0.6951646410693415,0.2211332162276816,-1767,-1581,-904,3836,313,100643
12:55:3.200,8057,89.84375,386.71875,-750.9765625,0.2907718533822553,0.7464773210779747,0.18448130193580062,-1767,-1581,-904,3836,313,100643
12:55:3.241,8058,121.09375,357.421875,-749.0234375,0.11606439525762292,0.7611380867947273,0.1942551457469689,-1740,-1581,-898,3836,313,100643
12:55:3.252,8059,133.7890625,376.953125,-737.3046875,-0.026878070480712675,0.8307767239493008,0.2186897552748895,-1740,-1581,-898,3836,313,100643
12:55:3.272,8060,156.25,381.8359375,-760.7421875,0.013439035240356337,0.9040805525330627,0.2113593724165133,-1740,-1581,-898,3836,313,100643
12:55:3.293,8061,196.2890625,370.1171875,-766.6015625,0.07086036763096978,0.9871582249279928,0.2211332162276816,-1740,-1581,-898,3836,313,100643
12:55:3.313,8062,210.9375,436.5234375,-811.5234375,0.19303341527057283,1.0152580258851016,0.2858849314766712,-1740,-1581,-898,3836,313,100643
12:55:3.333,8063,223.6328125,383.7890625,-842.7734375,0.4593706591249076,1.0787880106576953,0.33475415053251245,-1705,-1594,-902,3836,313,100643
12:55:3.344,8064,268.5546875,298.828125,-787.109375,0.4434881629317592,1.073901088752111,0.2736676267127109,-1705,-1594,-902,3836,313,100643
12:55:3.385,8065,316.40625,364.2578125,-816.40625,0.1343903524035634,1.0543534011297746,0.2883283924294633,-1705,-1594,-902,3836,313,100643
12:55:3.405,8066,322.265625,439.453125,-868.1640625,0.2724458962363148,1.11421819447318,0.3127630019573839,-1705,-1594,-902,3836,313,100643
12:55:3.415,8067,321.2890625,333.0078125,-879.8828125,0.5766567848589266,1.1801916401985657,0.26389378290154264,-1653,-1608,-886,3836,313,100643
12:55:3.436,8068,387.6953125,250.9765625,-794.921875,0.4972443038931845,1.1557570306706453,0.1893682238413848,-1653,-1608,-886,3836,313,100643
12:55:3.456,8069,416.015625,273.4375,-789.0625,0.0989601685880785,1.1178833859023682,0.20891591146372127,-1653,-1608,-886,3836,313,100643
12:55:3.476,8070,419.921875,357.421875,-846.6796875,0.07696902001294993,1.1801916401985657,0.23335052099164189,-1653,-1608,-886,3836,313,100643
12:55:3.497,8071,418.9453125,373.046875,-882.8125,0.3787364476827696,1.227839128778011,0.2211332162276816,-1653,-1608,-886,3836,313,100643
12:55:3.507,8072,458.984375,275.390625,-808.59375,0.5998696639104512,1.2461650859239515,0.19669860669976097,-1608,-1625,-892,3836,313,100643
12:55:3.527,8073,524.4140625,181.640625,-740.234375,0.38606683054114566,1.2131783630612585,0.17959438003021652,-1608,-1625,-892,3836,313,100643
12:55:3.548,8074,517.578125,204.1015625,-786.1328125,0.07819075048934597,1.2119566325848627,0.1942551457469689,-1608,-1625,-892,3836,313,100643
12:55:3.568,8075,488.28125,364.2578125,-875.0,0.03787364476827696,1.2767083478338521,0.238237442897226,-1608,-1625,-892,3836,313,100643
12:55:3.588,8076,534.1796875,372.0703125,-897.4609375,0.4288273972150068,1.3695598640399507,0.2687807048071268,-1608,-1625,-892,3836,313,100643
12:55:3.598,8077,624.0234375,251.953125,-833.984375,0.8075638448977764,1.3744467859455347,0.2076941809873252,-1556,-1636,-913,3836,313,100643
12:55:3.619,8078,711.9140625,236.328125,-763.671875,0.6243042734383717,1.3096950706965451,0.1734857276482364,-1556,-1636,-913,3836,313,100643
12:55:3.660,8079,690.4296875,277.34375,-818.359375,0.3298672286269283,1.2473868164003474,0.16859880574265224,-1556,-1636,-913,3836,313,100643
12:55:3.670,8080,635.7421875,286.1328125,-846.6796875,0.2345722514680379,1.2534954687823276,0.1466076571675237,-1556,-1636,-913,3836,313,100643
12:55:3.691,8081,662.109375,241.2109375,-813.4765625,0.3042108886226117,1.2779300783102483,0.01832595714594046,-1503,-1660,-927,3836,313,100643
12:55:3.711,8082,730.46875,165.0390625,-790.0390625,0.18325957145940464,1.2510520078295355,-0.019547687622336492,-1503,-1660,-927,3836,313,100643
12:55:3.732,8083,768.5546875,173.828125,-707.03125,-0.16737707526625623,1.1887437535333378,0.03787364476827696,-1503,-1660,-927,3836,313,100643
12:55:3.752,8084,758.7890625,222.65625,-693.359375,-0.5216789134211052,1.145983186859477,0.10140362954087055,-1503,-1660,-927,3836,313,100643
12:55:3.763,8085,710.9375,213.8671875,-705.078125,-0.7122688677388859,1.1875220230569419,0.09285151620609834,-1503,-1660,-927,3836,313,100643
12:55:3.803,8086,736.328125,211.9140625,-655.2734375,-0.7819075048934596,1.231504320207199,0.08063421144213802,-1450,-1670,-954,3836,313,100643
12:55:3.824,8087,755.859375,252.9296875,-630.859375,-0.7391469382195985,1.2498302773531396,0.1343903524035634,-1450,-1670,-954,3836,313,100643
12:55:3.834,8088,786.1328125,260.7421875,-708.984375,-0.5338962181850655,1.2412781640183672,0.2150245638457014,-1450,-1670,-954,3836,313,100643
12:55:3.854,8089,794.921875,223.6328125,-654.296875,-0.5009094953223726,1.2168435544904468,0.33719761148530447,-1450,-1670,-954,3836,313,100643
12:55:3.874,8090,844.7265625,254.8828125,-642.578125,-0.5351179486614615,1.194852405915318,0.4459316238845512,-1450,-1670,-954,3836,313,100643
12:55:3.895,8091,893.5546875,288.0859375,-617.1875,-0.49113565151120436,1.1777481792457736,0.5119050696099369,-1408,-1658,-975,3832,313,100645
12:55:3.915,8092,926.7578125,293.9453125,-596.6796875,-0.35430183815484895,1.1765264487693778,0.5351179486614615,-1408,-1658,-975,3832,313,100645
12:55:3.925,8093,942.3828125,290.0390625,-620.1171875,-0.08429940287132612,1.1753047182929817,0.4838052686528282,-1408,-1658,-975,3832,313,100645
12:55:3.946,8094,959.9609375,287.109375,-603.515625,0.0952949771588904,1.1716395268637936,0.4312708581677988,-1408,-1658,-975,3832,313,100645
12:55:3.966,8095,965.8203125,267.578125,-558.59375,0.20647245051092922,1.154535300194249,0.3775147172063735,-1368,-1655,-1016,3832,313,100645
12:55:3.986,8096,965.8203125,258.7890625,-541.9921875,0.2736676267127109,1.1313224211427244,0.3103195410045918,-1368,-1655,-1016,3832,313,100645
12:55:4.7,8097,954.1015625,250.9765625,-538.0859375,0.35918876006043304,1.1105530030439918,0.14905111812031577,-1368,-1655,-1016,3832,313,100645
12:55:4.17,8098,948.2421875,220.703125,-506.8359375,0.3677408733952052,1.1178833859023682,0.03787364476827696,-1368,-1655,-1016,3832,313,100645
12:55:4.37,8099,957.03125,195.3125,-496.09375,0.3530801076784529,1.0922270458980516,-0.021991148575128554,-1368,-1655,-1016,3832,313,100645
12:55:4.78,8100,976.5625,190.4296875,-501.953125,0.3799581781591656,1.0885618544688633,-0.07208209810736582,-1335,-1671,-1032,3832,313,100645
12:55:4.88,8101,985.3515625,150.390625,-459.9609375,0.3066543495754037,1.070235897322923,-0.08552113334772216,-1335,-1671,-1032,3832,313,100645
12:55:4.109,8102,996.09375,158.203125,-430.6640625,0.16126842288427604,1.0201449477906857,-0.05619960191421742,-1335,-1671,-1032,3832,313,100645
12:55:4.129,8103,999.0234375,175.78125,-387.6953125,0.06108652381980154,0.994488607786369,-0.01832595714594046,-1335,-1671,-1032,3832,313,100645
12:55:4.149,8104,1030.2734375,207.03125,-425.78125,0.1038470904936626,0.990823416357181,-0.03298672286269283,-1335,-1671,-1032,3832,313,100645
12:55:4.170,8105,1023.4375,172.8515625,-409.1796875,0.2467895562319982,1.0005972601683493,-0.09651670763528641,-1301,-1681,-1082,3832,313,100645
12:55:4.180,8106,1015.625,126.953125,-378.90625,0.2223549467040776,0.993266877309973,-0.12583823906879116,-1301,-1681,-1082,3832,313,100645
12:55:4.221,8107,1007.8125,110.3515625,-360.3515625,0.03054326190990077,0.9627236154000722,-0.09651670763528641,-1301,-1681,-1082,3832,313,100645
12:55:4.241,8108,1005.859375,188.4765625,-354.4921875,-0.1905899543177808,0.9004153611038747,-0.05009094953223726,-1301,-1681,-1082,3832,313,100645
12:55:4.252,8109,1004.8828125,215.8203125,-320.3125,-0.23212879051524585,0.8552113334772216,-0.024434609527920613,-1282,-1686,-1129,3832,313,100645
12:55:4.272,8110,995.1171875,184.5703125,-302.734375,-0.1356120828799594,0.8417722982368653,-0.048869219055841226,-1282,-1686,-1129,3832,313,100645
12:55:4.292,8111,996.09375,155.2734375,-294.921875,-0.10262536001726659,0.8442157591896573,-0.013439035240356337,-1282,-1686,-1129,3832,313,100645
12:55:4.313,8112,1009.765625,180.6640625,-302.734375,-0.04276056667386108,0.8161159582325487,0.04398229715025711,-1282,-1686,-1129,3832,313,100645
12:55:4.333,8113,1055.6640625,162.109375,-302.734375,-0.05986479334340551,0.7623598172711232,0.1075122819228507,-1282,-1686,-1129,3832,313,100645
12:55:4.363,8114,1073.2421875,130.859375,-277.34375,-0.22602013813326569,0.676838683923401,0.1343903524035634,-1258,-1682,-1163,3832,313,100645
12:55:4.384,8115,1054.6875,145.5078125,-270.5078125,-0.45204027626653137,0.5962044724812631,0.12950343049797927,-1258,-1682,-1163,3832,313,100645
12:55:4.404,8116,1024.4140625,206.0546875,-278.3203125,-0.5424483315198376,0.5277875658030853,0.13805554383275148,-1258,-1682,-1163,3832,313,100645
12:55:4.424,8117,1011.71875,266.6015625,-264.6484375,-0.2858849314766712,0.5057964172279568,0.10506882097005865,-1258,-1682,-1163,3832,313,100645
12:55:4.435,8118,1011.71875,269.53125,-258.7890625,0.07330382858376185,0.4862487296056202,0.05742133239061345,-1258,-1682,-1163,3832,313,100645
12:55:4.455,8119,1022.4609375,223.6328125,-233.3984375,0.2748893571891069,0.437379510549779,-0.0024434609527920616,-1249,-1687,-1197,3832,313,100645
12:55:4.475,8120,1023.4375,184.5703125,-219.7265625,0.26267205242514663,0.3885102914939378,-0.07330382858376185,-1249,-1687,-1197,3832,313,100645
12:55:4.495,8121,1006.8359375,162.109375,-205.078125,0.1233947781159991,0.3286454981505323,-0.1478293876439197,-1249,-1687,-1197,3832,313,100645
12:55:4.516,8122,993.1640625,189.453125,-206.0546875,0.0867428638241182,0.3262020371977402,-0.19181168479417682,-1249,-1687,-1197,3832,313,100645
12:55:4.526,8123,984.375,255.859375,-193.359375,0.2553416695667704,0.31887165433936404,-0.20158552860534507,-1249,-1687,-1197,3832,313,100645
12:55:4.546,8124,978.515625,262.6953125,-175.78125,0.5913175505756788,0.31887165433936404,-0.20158552860534507,-1241,-1690,-1199,3832,313,100645
12:55:4.567,8125,983.3984375,217.7734375,-162.109375,1.0091493735031216,0.3274237676741363,-0.21258110289290938,-1241,-1690,-1199,3832,313,100645
12:55:4.587,8126,1000.9765625,184.5703125,-165.0390625,1.1887437535333378,0.3029891581462157,-0.197920337176157,-1241,-1690,-1199,3832,313,100645
12:55:4.598,8127,1044.921875,137.6953125,-177.734375,1.1863002925805461,0.2467895562319982,-0.16982053621904827,-1241,-1690,-1199,3832,313,100645
12:55:4.639,8128,1070.3125,41.9921875,-127.9296875,0.8784242125287461,0.15638150097869194,-0.17470745812463243,-1236,-1689,-1224,3832,313,100645
12:55:4.659,8129,1059.5703125,39.0625,-100.5859375,0.13194689145077132,-0.004886921905584123,-0.14172073526193957,-1236,-1689,-1224,3832,313,100645
12:55:4.679,8130,1033.203125,106.4453125,-110.3515625,-0.3066543495754037,-0.05009094953223726,-0.1478293876439197,-1236,-1689,-1224,3832,313,100645
12:55:4.690,8131,1007.8125,167.96875,-119.140625,-0.37507125625358145,-0.05742133239061345,-0.16982053621904827,-1236,-1689,-1224,3832,313,100645
12:55:4.710,8132,987.3046875,206.0546875,-103.515625,-0.1343903524035634,-0.0317649923862968,-0.1661553447898602,-1236,-1689,-1224,3832,313,100645
12:55:4.731,8133,990.234375,192.3828125,-99.609375,0.23945917337362205,-0.007330382858376184,-0.1661553447898602,-1237,-1686,-1230,3832,313,100645
12:55:4.751,8134,989.2578125,77.1484375,-90.8203125,0.2871066619530672,-0.012217304763960306,-0.16859880574265224,-1237,-1686,-1230,3832,313,100645
12:55:4.782,8135,998.046875,83.984375,-90.8203125,0.10506882097005865,-0.04031710572106901,-0.11850785621041499,-1237,-1686,-1230,3832,313,100645
12:55:4.802,8136,1004.8828125,125.0,-86.9140625,-0.11239920382843484,-0.09040805525330627,-0.04642575810304917,-1237,-1686,-1230,3832,313,100645
12:55:4.822,8137,1013.671875,150.390625,-73.2421875,-0.20036379812894903,-0.09773843811168245,-0.020769418098732523,-1237,-1686,-1230,3832,313,100645
12:55:4.843,8138,1013.671875,139.6484375,-57.6171875,-0.19669860669976097,-0.0989601685880785,-0.025656340004316647,-1234,-1680,-1239,3832,313,100645
12:55:4.853,8139,1010.7421875,157.2265625,-65.4296875,-0.2223549467040776,-0.09162978572970232,-0.03543018381548489,-1234,-1680,-1239,3832,313,100645
12:55:4.874,8140,1005.859375,163.0859375,-74.21875,-0.2186897552748895,-0.0867428638241182,-0.014660765716752368,-1234,-1680,-1239,3832,313,100645
12:55:4.894,8141,999.0234375,151.3671875,-69.3359375,-0.2296853295624538,-0.0867428638241182,-0.006108652381980153,-1234,-1680,-1239,3826,313,100650
12:55:4.914,8142,990.234375,148.4375,-63.4765625,-0.2675589743307307,-0.0830776723949301,0.003665191429188092,-1234,-1685,-1225,3826,313,100650
12:55:4.935,8143,986.328125,170.8984375,-62.5,-0.33719761148530447,-0.0867428638241182,0.008552113334772215,-1234,-1685,-1225,3826,313,100650
12:55:4.945,8144,984.375,202.1484375,-61.5234375,-0.26267205242514663,-0.08063421144213802,0.013439035240356337,-1234,-1685,-1225,3826,313,100650
12:55:4.965,8145,985.3515625,193.359375,-61.5234375,-0.1478293876439197,-0.07330382858376185,-0.006108652381980153,-1234,-1685,-1225,3826,313,100650
12:55:4.986,8146,992.1875,158.203125,-66.40625,-0.1392772743091475,-0.06597344572538566,-0.009773843811168246,-1234,-1685,-1225,3826,313,100650
12:55:5.6,8147,996.09375,177.734375,-63.4765625,-0.2113593724165133,-0.07086036763096978,0.003665191429188092,-1231,-1680,-1231,3826,313,100650
12:55:5.16,8148,997.0703125,193.359375,-67.3828125,-0.24556782575560218,-0.06963863715457375,0.009773843811168246,-1231,-1680,-1231,3826,313,100650
12:55:5.57,8149,1001.953125,194.3359375,-61.5234375,-0.2235766771804736,-0.0635299847725936,-0.025656340004316647,-1231,-1680,-1231,3826,313,100650
12:55:5.77,8150,1000.0,200.1953125,-61.5234375,-0.22602013813326569,-0.06108652381980154,-0.03420845333908886,-1231,-1680,-1231,3826,313,100650
12:55:5.98,8151,991.2109375,191.40625,-75.1953125,-0.2162462943220974,-0.05497787143782139,-0.05009094953223726,-1231,-1680,-1231,3826,313,100650
12:55:5.108,8152,996.09375,192.3828125,-73.2421875,-0.2101376419401173,-0.07330382858376185,-0.04031710572106901,-1234,-1680,-1239,3826,313,100650
12:55:5.128,8153,1000.0,177.734375,-67.3828125,-0.2211332162276816,-0.06963863715457375,-0.04153883619746505,-1234,-1680,-1239,3826,313,100650
12:55:5.148,8154,992.1875,167.96875,-57.6171875,-0.2724458962363148,-0.0830776723949301,-0.04398229715025711,-1234,-1680,-1239,3826,313,100650
12:55:5.169,8155,991.2109375,184.5703125,-60.546875,-0.3420845333908886,-0.08796459430051422,-0.052534410485029326,-1234,-1680,-1239,3826,313,100650
12:55:5.200,8156,987.3046875,195.3125,-73.2421875,-0.32498030672134415,-0.07330382858376185,-0.051312680008633295,-1237,-1679,-1227,3826,313,100650
12:55:5.221,8157,992.1875,190.4296875,-71.2890625,-0.2553416695667704,-0.05497787143782139,-0.051312680008633295,-1237,-1679,-1227,3826,313,100650
12:55:5.241,8158,992.1875,189.453125,-60.546875,-0.21258110289290938,-0.06230825429619757,-0.05497787143782139,-1237,-1679,-1227,3826,313,100650
12:55:5.261,8159,996.09375,194.3359375,-67.3828125,-0.17592918860102844,-0.05742133239061345,-0.052534410485029326,-1237,-1679,-1227,3826,313,100650
12:55:5.272,8160,997.0703125,188.4765625,-81.0546875,-0.1551597705022959,-0.06475171524898964,-0.052534410485029326,-1237,-1679,-1227,3826,313,100650
12:55:5.292,8161,999.0234375,165.0390625,-73.2421875,-0.2076941809873252,-0.06963863715457375,-0.0671951762017817,-1237,-1682,-1233,3826,313,100650
12:55:5.313,8162,995.1171875,161.1328125,-65.4296875,-0.2895501229058593,-0.07330382858376185,-0.05375614096142535,-1237,-1682,-1233,3826,313,100650
12:55:5.333,8163,991.2109375,204.1015625,-64.453125,-0.3262020371977402,-0.08063421144213802,-0.058643062867009474,-1237,-1682,-1233,3826,313,100650
12:55:5.354,8164,994.140625,198.2421875,-77.1484375,-0.2504547476611863,-0.06108652381980154,-0.06963863715457375,-1237,-1682,-1233,3826,313,100650
12:55:5.405,8165,992.1875,166.015625,-76.171875,-0.2419026343264141,-0.08063421144213802,-0.09040805525330627,-1237,-1682,-1233,3826,313,100650
12:55:5.425,8166,994.140625,182.6171875,-75.1953125,-0.32131511529215606,-0.0830776723949301,-0.0830776723949301,-1241,-1678,-1230,3826,313,100650
12:55:5.435,8167,995.1171875,207.03125,-81.0546875,-0.3298672286269283,-0.0952949771588904,-0.06841690667817772,-1241,-1678,-1230,3826,313,100650
12:55:5.455,8168,995.1171875,168.9453125,-79.1015625,-0.3017674276698196,-0.10506882097005865,-0.07208209810736582,-1241,-1678,-1230,3826,313,100650
12:55:5.476,8169,996.09375,162.109375,-76.171875,-0.475253155318056,-0.14049900478554353,-0.07574728953655392,-1241,-1678,-1230,3826,313,100650
12:55:5.496,8170,993.1640625,170.8984375,-105.46875,-0.6511823439190844,-0.1551597705022959,-0.0671951762017817,-1233,-1672,-1216,3826,313,100650
12:55:5.517,8171,992.1875,124.0234375,-131.8359375,-0.950506310636112,-0.19303341527057283,-0.10018189906447451,-1233,-1672,-1216,3826,313,100650
12:55:5.527,8172,993.1640625,115.234375,-107.421875,-1.4611896497696528,-0.2724458962363148,-0.10506882097005865,-1233,-1672,-1216,3826,313,100650
12:55:5.547,8173,992.1875,151.3671875,-108.3984375,-2.2479840765686965,-0.37018433434799736,-0.10262536001726659,-1233,-1672,-1216,3826,313,100650
12:55:5.568,8174,992.1875,215.8203125,-120.1171875,-2.6560420556849706,-0.4312708581677988,-0.12950343049797927,-1233,-1672,-1216,3826,313,100650
12:55:5.589,8175,994.140625,269.53125,-95.703125,-2.783102025230158,-0.45081854579013536,-0.20647245051092922,-1236,-1661,-1211,3826,313,100650
12:55:5.609,8176,984.375,318.359375,-85.9375,-2.7171285795047724,-0.4703662334124718,-0.2651155133779387,-1236,-1661,-1211,3826,313,100650
12:55:5.619,8177,989.2578125,351.5625,-110.3515625,-2.4862215194659227,-0.46303585055409563,-0.29688050576423547,-1236,-1661,-1211,3826,313,100650
12:55:5.640,8178,1000.0,341.796875,-143.5546875,-2.3469442451567746,-0.45081854579013536,-0.3420845333908886,-1236,-1661,-1211,3826,313,100650
12:55:5.661,8179,1031.25,321.2890625,-134.765625,-2.3249530965816465,-0.4679227724596798,-0.40194932673429407,-1236,-1661,-1211,3826,313,100650
12:55:5.681,8180,1021.484375,371.09375,-131.8359375,-2.304183678482914,-0.5070181477043528,-0.4276056667386108,-1241,-1629,-1202,3826,313,100650
12:55:5.691,8181,1013.671875,416.015625,-142.578125,-2.2027800489420435,-0.55100044485461,-0.477696616270848,-1241,-1629,-1202,3826,313,100650
12:55:5.712,8182,1024.4140625,411.1328125,-168.9453125,-2.08060700130244,-0.5681046715241543,-0.5473352534254218,-1241,-1629,-1202,3826,313,100650
12:55:5.732,8183,1015.625,436.5234375,-173.828125,-2.0011945203366985,-0.5778785153353226,-0.631634656296748,-1241,-1629,-1202,3826,313,100650
12:55:5.753,8184,996.09375,483.3984375,-208.0078125,-1.8765780117443032,-0.5998696639104512,-0.6890559886873614,-1234,-1583,-1194,3826,313,100650
12:55:5.763,8185,1001.953125,478.515625,-201.171875,-1.7702874602978487,-0.6438519610607082,-0.8051203839449842,-1234,-1583,-1194,3826,313,100650
12:55:5.784,8186,1012.6953125,504.8828125,-197.265625,-1.7702874602978487,-0.7134905982152819,-0.9028588220566667,-1234,-1583,-1194,3826,313,100650
12:55:5.805,8187,997.0703125,550.78125,-194.3359375,-1.782504765061809,-0.7794640439406676,-0.9724974592112404,-1234,-1583,-1194,3826,313,100650
12:55:5.825,8188,998.046875,595.703125,-215.8203125,-1.7507397726755123,-0.8136724972797564,-1.0470230182713984,-1234,-1583,-1194,3826,313,100650
12:55:5.845,8189,1000.9765625,617.1875,-222.65625,-1.7201965107656112,-0.836885376331281,-1.1728612573401895,-1256,-1525,-1176,3826,313,100650
12:55:5.856,8190,1010.7421875,667.96875,-204.1015625,-1.7189747802892155,-0.8478809506188453,-1.271821425928268,-1256,-1525,-1176,3826,313,100650
12:55:5.897,8191,976.5625,691.40625,-211.9140625,-1.7715091907742448,-0.8466592201424493,-1.3646729421343664,-1256,-1525,-1176,3832,313,100654
12:55:5.917,8192,970.703125,700.1953125,-208.0078125,-1.8057176441133334,-0.836885376331281,-1.466076571675237,-1256,-1525,-1176,3832,313,100654
12:55:5.928,8193,1002.9296875,743.1640625,-169.921875,-1.8350391755468385,-0.8087855753741724,-1.5955800021732158,-1256,-1525,-1176,3832,313,100654
12:55:5.948,8194,998.046875,792.96875,-181.640625,-1.6920967098085025,-0.831998454425697,-1.6823228659973344,-1278,-1463,-1157,3832,313,100654
12:55:5.969,8195,972.65625,801.7578125,-153.3203125,-1.4538592669112766,-0.8026769229921922,-1.7629570774394723,-1278,-1463,-1157,3832,313,100654
12:55:5.989,8196,963.8671875,793.9453125,-119.140625,-1.189965484009734,-0.8051203839449842,-1.8325957145940461,-1278,-1463,-1157,3832,313,100654
12:55:6.9,8197,989.2578125,794.921875,-104.4921875,-0.9822713030224087,-0.7709119306058954,-1.9168951174653726,-1278,-1463,-1157,3832,313,100654
12:55:6.40,8198,967.7734375,783.203125,-95.703125,-0.8136724972797564,-0.751364242983559,-1.996307598431114,-1278,-1463,-1157,3832,313,100654
12:55:6.60,8199,958.0078125,768.5546875,-63.4765625,-0.756251164889143,-0.7525859734599549,-2.061059313680104,-1320,-1393,-1168,3832,313,100654
12:55:6.81,8200,909.1796875,792.96875,-26.3671875,-0.6609561877302527,-0.7293730944084303,-2.0854939232080247,-1320,-1393,-1168,3832,313,100654
12:55:6.101,8201,885.7421875,789.0625,-13.671875,-0.5229006438975012,-0.7195992505972622,-2.0977112279719847,-1320,-1393,-1168,3832,313,100654
12:55:6.111,8202,873.046875,787.109375,-14.6484375,-0.3298672286269283,-0.6914994496401534,-2.0891591146372126,-1320,-1393,-1168,3832,313,100654
12:55:6.131,8203,804.6875,787.109375,7.8125,-0.23701571242082997,-0.7012732934513217,-2.084272192731629,-1380,-1326,-1162,3832,313,100654
12:55:6.152,8204,776.3671875,816.40625,-31.25,-0.278554548618295,-0.6927211801165495,-2.070833157491272,-1380,-1326,-1162,3832,313,100654
12:55:6.172,8205,782.2265625,852.5390625,-76.171875,-0.2907718533822553,-0.7122688677388859,-2.0488420089161434,-1380,-1326,-1162,3832,313,100654
12:55:6.182,8206,747.0703125,910.15625,-101.5625,-0.19303341527057283,-0.7330382858376185,-2.042733356534163,-1380,-1326,-1162,3832,313,100654
12:55:6.203,8207,711.9140625,947.265625,-119.140625,-0.048869219055841226,-0.6805038753525892,-2.0439550870105596,-1380,-1326,-1162,3832,313,100654
12:55:6.223,8208,659.1796875,923.828125,-146.484375,0.039095375244672985,-0.6426302305843121,-2.095267767019193,-1459,-1279,-1168,3832,313,100654
12:55:6.244,8209,593.75,922.8515625,-130.859375,0.02809980095710871,-0.6023131248632432,-2.1502456384570143,-1459,-1279,-1168,3832,313,100654
12:55:6.264,8210,579.1015625,955.078125,-113.28125,-0.03543018381548489,-0.5998696639104512,-2.142915255598638,-1459,-1279,-1168,3832,313,100654
12:55:6.274,8211,568.359375,966.796875,-85.9375,-0.07086036763096978,-0.6120869686744114,-2.1343631422638656,-1459,-1279,-1168,3832,313,100654
12:55:6.315,8212,515.625,970.703125,-83.0078125,-0.025656340004316647,-0.6328563867731439,-2.1233675679763016,-1459,-1279,-1168,3832,313,100654
12:55:6.335,8213,454.1015625,998.046875,-81.0546875,0.05375614096142535,-0.6462954220135002,-2.13925006416945,-1539,-1249,-1152,3832,313,100654
12:55:6.345,8214,417.96875,999.0234375,-92.7734375,0.1734857276482364,-0.6059783162924314,-2.153910829886202,-1539,-1249,-1152,3832,313,100654
12:55:6.365,8215,382.8125,994.140625,-84.9609375,0.1466076571675237,-0.5986479334340551,-2.1514673689334103,-1539,-1249,-1152,3832,313,100654
12:55:6.386,8216,335.9375,996.09375,-69.3359375,0.0671951762017817,-0.597426202957659,-2.1636846736973703,-1539,-1249,-1152,3832,313,100654
12:55:6.406,8217,274.4140625,989.2578125,-66.40625,0.006108652381980153,-0.5803219762881145,-2.147802177504222,-1632,-1244,-1152,3832,313,100654
12:55:6.426,8218,244.140625,1007.8125,-57.6171875,-0.026878070480712675,-0.5338962181850655,-2.1551325603625986,-1632,-1244,-1152,3832,313,100654
12:55:6.457,8219,205.078125,1009.765625,-44.921875,-0.006108652381980153,-0.5424483315198376,-2.1270327594054894,-1632,-1244,-1152,3832,313,100654
12:55:6.477,8220,161.1328125,969.7265625,-21.484375,-0.0024434609527920616,-0.5375614096142536,-2.0989329584483807,-1632,-1244,-1152,3832,313,100654
12:55:6.498,8221,101.5625,955.078125,-10.7421875,-0.0830776723949301,-0.5180137219919171,-2.061059313680104,-1632,-1244,-1152,3832,313,100654
12:55:6.518,8222,83.0078125,945.3125,-22.4609375,-0.2223549467040776,-0.4715879638888679,-2.0415116260577673,-1724,-1248,-1153,3832,313,100654
12:55:6.529,8223,36.1328125,924.8046875,-20.5078125,-0.3103195410045918,-0.4300491276914028,-2.0537289308217277,-1724,-1248,-1153,3832,313,100654
12:55:6.549,8224,-34.1796875,938.4765625,-24.4140625,-0.31520646291017596,-0.35063664672566086,-2.0439550870105596,-1724,-1248,-1153,3832,313,100654
12:55:6.569,8225,-41.9921875,940.4296875,-38.0859375,-0.1551597705022959,-0.2712241657599188,-2.0390681651049753,-1724,-1248,-1153,3832,313,100654
12:55:6.600,8226,-88.8671875,913.0859375,-41.9921875,0.08185594191853407,-0.20647245051092922,-2.023185668911827,-1724,-1248,-1153,3832,313,100654
12:55:6.621,8227,-135.7421875,881.8359375,-54.6875,0.20402898955813717,-0.17959438003021652,-2.0134118251006585,-1806,-1267,-1162,3832,313,100654
12:55:6.641,8228,-186.5234375,856.4453125,-75.1953125,0.24434609527920617,-0.17837264955382048,-2.023185668911827,-1806,-1267,-1162,3832,313,100654
12:55:6.661,8229,-222.65625,850.5859375,-72.265625,0.20158552860534507,-0.18814649336498873,-2.023185668911827,-1806,-1267,-1162,3832,313,100654
12:55:6.682,8230,-254.8828125,817.3828125,-68.359375,0.09162978572970232,-0.2235766771804736,-1.9987510593839062,-1806,-1267,-1162,3832,313,100654
12:55:6.692,8231,-280.2734375,784.1796875,-62.5,-0.05009094953223726,-0.22479840765686968,-1.9559904927100453,-1880,-1301,-1155,3832,313,100654
12:55:6.713,8232,-308.59375,761.71875,-61.5234375,-0.1466076571675237,-0.1954768762233649,-1.9230037698473523,-1880,-1301,-1155,3832,313,100654
12:55:6.733,8233,-333.0078125,775.390625,-48.828125,-0.18570303241219668,-0.1307251609743753,-1.9156733869889764,-1880,-1301,-1155,3832,313,100654
12:55:6.754,8234,-330.078125,719.7265625,-30.2734375,-0.10873401239924674,-0.06597344572538566,-1.947438379375273,-1880,-1301,-1155,3832,313,100654
12:55:6.764,8235,-373.046875,714.84375,-23.4375,-0.05497787143782139,-0.020769418098732523,-1.9669860669976096,-1880,-1301,-1155,3832,313,100654
12:55:6.785,8236,-397.4609375,731.4453125,-27.34375,0.1075122819228507,0.029321531433504737,-1.996307598431114,-1951,-1345,-1154,3832,313,100654
12:55:6.805,8237,-413.0859375,692.3828125,-51.7578125,0.37140606482439337,0.07086036763096978,-2.0378464346285794,-1951,-1345,-1154,3832,313,100654
12:55:6.825,8238,-445.3125,635.7421875,-48.828125,0.5277875658030853,0.11239920382843484,-2.1233675679763016,-1951,-1345,-1154,3832,313,100654
12:55:6.846,8239,-475.5859375,629.8828125,-20.5078125,0.48869219055841234,0.15760323145508798,-2.1612412127445784,-1951,-1345,-1154,3832,313,100654
12:55:6.876,8240,-483.3984375,598.6328125,-65.4296875,0.4654793115068877,0.20036379812894903,-2.173458517508539,-1951,-1345,-1154,3832,313,100654
12:55:6.896,8241,-530.2734375,586.9140625,-75.1953125,0.4166100924510465,0.2235766771804736,-2.2296581194227563,-2001,-1404,-1168,3832,313,100642
12:55:6.917,8242,-549.8046875,583.0078125,-77.1484375,0.37018433434799736,0.2516764781375823,-2.3115140613412906,-2001,-1404,-1168,3832,313,100642
12:55:6.927,8243,-580.078125,555.6640625,-107.421875,0.4960225734167885,0.27611108766550296,-2.3860396204014482,-2001,-1404,-1168,3832,313,100642
12:55:6.947,8244,-632.8125,549.8046875,-126.953125,0.7367034772668065,0.3298672286269283,-2.4703390232727744,-2001,-1404,-1168,3832,313,100642
12:55:6.968,8245,-622.0703125,494.140625,-133.7890625,0.9028588220566667,0.34941491624926485,-2.5240951642341996,-2047,-1485,-1148,3832,313,100642
12:55:6.989,8246,-648.4375,436.5234375,-144.53125,0.8857545953871224,0.3420845333908886,-2.5644122699552683,-2047,-1485,-1148,3832,313,100642
12:55:7.19,8247,-716.796875,375.9765625,-174.8046875,0.676838683923401,0.3029891581462157,-2.596177262341565,-2047,-1485,-1148,3832,313,100642
12:55:7.40,8248,-736.328125,342.7734375,-238.28125,0.5461135229490258,0.27733281814189903,-2.587625149006793,-2047,-1485,-1148,3832,313,100642
12:55:7.60,8249,-751.953125,291.9921875,-280.2734375,0.5888740896228868,0.2675589743307307,-2.624277063298674,-2047,-1485,-1148,3832,313,100642
12:55:7.81,8250,-769.53125,228.515625,-270.5078125,0.748920782030767,0.20158552860534507,-2.659707247114159,-2070,-1583,-1118,3832,313,100642
12:55:7.91,8251,-802.734375,174.8046875,-259.765625,0.7892378877518359,0.12461650859239513,-2.6816983956892875,-2070,-1583,-1118,3832,313,100642
12:55:7.111,8252,-816.40625,99.609375,-272.4609375,0.831998454425697,0.020769418098732523,-2.6743680128309113,-2070,-1583,-1118,3832,313,100642
12:55:7.132,8253,-817.3828125,-21.484375,-295.8984375,0.8246680715673209,-0.0989601685880785,-2.651155133779387,-2070,-1583,-1118,3832,313,100642
12:55:7.153,8254,-806.640625,-125.0,-294.921875,0.9419541973013398,-0.22479840765686968,-2.603507645199942,-2070,-1583,-1118,3832,313,100642
12:55:7.173,8255,-804.6875,-181.640625,-249.0234375,1.0653489754173389,-0.31764992386296803,-2.5338690080453676,-2070,-1692,-1126,3832,313,100642
12:55:7.184,8256,-803.7109375,-252.9296875,-222.65625,1.0543534011297746,-0.3824016391119576,-2.461786909938002,-2070,-1692,-1126,3832,313,100642
12:55:7.204,8257,-788.0859375,-309.5703125,-194.3359375,0.9651670763528643,-0.4153883619746504,-2.3750440461138838,-2070,-1692,-1126,3832,313,100642
12:55:7.224,8258,-809.5703125,-364.2578125,-196.2890625,0.8735372906231619,-0.4703662334124718,-2.2467623460923005,-2070,-1692,-1126,3832,313,100642
12:55:7.245,8259,-814.453125,-388.671875,-181.640625,0.8185594191853407,-0.4605923896013036,-2.1197023765471137,-2058,-1792,-1131,3832,313,100642
12:55:7.265,8260,-814.453125,-428.7109375,-171.875,0.6072000467688273,-0.42638393626221477,-2.0390681651049753,-2058,-1792,-1131,3832,313,100642
12:55:7.296,8261,-810.546875,-467.7734375,-159.1796875,0.3078760800517997,-0.37018433434799736,-1.942551457469689,-2058,-1792,-1131,3832,313,100642
12:55:7.317,8262,-798.828125,-463.8671875,-165.0390625,0.1478293876439197,-0.2712241657599188,-1.793500339349373,-2058,-1792,-1131,3832,313,100642
12:55:7.338,8263,-799.8046875,-470.703125,-180.6640625,0.16493361431346415,-0.23945917337362205,-1.6896532488557103,-2058,-1792,-1131,3832,313,100642
12:55:7.348,8264,-804.6875,-543.9453125,-189.453125,0.0867428638241182,-0.2076941809873252,-1.6114624983663646,-2022,-1878,-1154,3832,313,100642
12:55:7.369,8265,-810.546875,-624.0234375,-193.359375,-0.0158824961931484,-0.1893682238413848,-1.5088371383490977,-2022,-1878,-1154,3832,313,100642
12:55:7.389,8266,-817.3828125,-680.6640625,-182.6171875,-0.010995574287564277,-0.18570303241219668,-1.4074335088082275,-2022,-1878,-1154,3832,313,100642
12:55:7.409,8267,-805.6640625,-737.3046875,-152.34375,0.12461650859239513,-0.2113593724165133,-1.2754866173574562,-2022,-1878,-1154,3832,313,100642
12:55:7.440,8268,-804.6875,-827.1484375,-152.34375,0.2932153143350474,-0.2113593724165133,-1.0946705068508435,-2022,-1878,-1154,3832,313,100642
12:55:7.460,8269,-809.5703125,-920.8984375,-150.390625,0.33475415053251245,-0.17226399717184035,-0.8723155601467659,-1991,-1923,-1173,3832,313,100642
12:55:7.480,8270,-819.3359375,-954.1015625,-150.390625,0.2150245638457014,-0.09651670763528641,-0.5522221753310059,-1991,-1923,-1173,3832,313,100642
12:55:7.501,8271,-820.3125,-999.0234375,-166.9921875,-0.021991148575128554,-0.021991148575128554,-0.2700024352835228,-1991,-1923,-1173,3832,313,100642
12:55:7.511,8272,-783.203125,-978.515625,-143.5546875,-0.11972958668681102,0.06230825429619757,0.05986479334340551,-1991,-1923,-1173,3832,313,100642
12:55:7.531,8273,-768.5546875,-947.265625,-163.0859375,-0.052534410485029326,0.0989601685880785,0.35674529910764097,-1991,-1923,-1173,3832,313,100642
12:55:7.551,8274,-765.625,-927.734375,-155.2734375,0.09285151620609834,0.1869247628885927,0.7330382858376185,-1972,-1951,-1173,3832,313,100642
12:55:7.572,8275,-758.7890625,-893.5546875,-166.9921875,0.09407324668249437,0.24556782575560218,1.0238101392198737,-1972,-1951,-1173,3832,313,100642
12:55:7.592,8276,-761.71875,-851.5625,-161.1328125,-0.07819075048934597,0.32253684576855207,1.3096950706965451,-1972,-1951,-1173,3832,313,100642
12:55:7.602,8277,-760.7421875,-807.6171875,-161.1328125,-0.4043927876870862,0.38484510006474965,1.5711453926452956,-1972,-1951,-1173,3832,313,100642
12:55:7.622,8278,-757.8125,-740.234375,-157.2265625,-0.7342600163140146,0.4605923896013036,1.8716910898387191,-1983,-1937,-1174,3832,313,100642
12:55:7.643,8279,-760.7421875,-655.2734375,-161.1328125,-0.7611380867947273,0.47403142484165994,2.0879373841608166,-1983,-1937,-1174,3832,313,100642
12:55:7.714,8280,-760.7421875,-586.9140625,-181.640625,-0.8222246106145287,0.4789183467472441,2.2467623460923005,-1983,-1937,-1174,3832,313,100642
12:55:7.735,8281,-741.2109375,-491.2109375,-188.4765625,-0.9749409201640327,0.4679227724596798,2.3750440461138838,-1983,-1937,-1174,3832,313,100642
12:55:7.755,8282,-736.328125,-407.2265625,-221.6796875,-1.1630874135290212,0.4679227724596798,2.54242112138014,-1983,-1937,-1174,3832,313,100642
12:55:7.765,8283,-741.2109375,-356.4453125,-251.953125,-1.1863002925805461,0.4422664324553632,2.660928977590555,-2025,-1881,-1143,3832,313,100642
12:55:7.785,8284,-747.0703125,-264.6484375,-243.1640625,-1.0494664792241903,0.4410447019789671,2.770884720466198,-2025,-1881,-1143,3832,313,100642
12:55:7.806,8285,-725.5859375,-196.2890625,-226.5625,-1.0177014868378935,0.3897320219703338,2.822197400474831,-2025,-1881,-1143,3832,313,100642
12:55:7.826,8286,-711.9140625,-147.4609375,-245.1171875,-1.2999212268853766,0.28099800957108706,2.8686231585778805,-2025,-1881,-1143,3832,313,100642
12:55:7.847,8287,-699.21875,-84.9609375,-275.390625,-1.4905111812031575,0.19914206765255302,2.899166420487781,-2025,-1881,-1143,3832,313,100642
12:55:7.857,8288,-688.4765625,24.4140625,-282.2265625,-1.4098769697610194,0.10873401239924674,2.9736919795479393,-2050,-1777,-1111,3832,313,100642
12:55:7.877,8289,-698.2421875,118.1640625,-263.671875,-0.9969320687391611,-0.0024434609527920616,3.023782929080176,-2050,-1777,-1111,3832,313,100642
12:55:7.898,8290,-670.8984375,166.015625,-264.6484375,-1.0091493735031216,-0.12950343049797927,2.944370448114434,-2050,-1777,-1111,3832,313,100642
12:55:7.918,8291,-625.0,258.7890625,-300.78125,-1.3646729421343664,-0.21991148575128555,2.9492573700200184,-2050,-1777,-1111,3832,313,100644
12:55:7.928,8292,-644.53125,392.578125,-333.984375,-1.4294246573833558,-0.3738495257771854,2.9932396671702755,-2063,-1654,-1088,3832,313,100644
12:55:7.948,8293,-660.15625,500.0,-342.7734375,-1.1044443506620119,-0.45081854579013536,3.0909781052819576,-2063,-1654,-1088,3832,313,100644
12:55:7.969,8294,-654.296875,529.296875,-313.4765625,-1.0531316706533784,-0.519235452468313,3.0738738786124133,-2063,-1654,-1088,3832,313,100644
12:55:7.989,8295,-583.0078125,537.109375,-306.640625,-1.3707815945163466,-0.5791002458117186,3.020117737650988,-2063,-1654,-1088,3832,313,100644
12:55:8.10,8296,-524.4140625,624.0234375,-280.2734375,-1.5320500174006226,-0.7171557896444701,2.944370448114434,-2063,-1654,-1088,3832,313,100644
12:55:8.20,8297,-482.421875,715.8203125,-215.8203125,-1.4599679192932566,-0.8600982553828056,2.9016098814405735,-2052,-1524,-1112,3832,313,100644
12:55:8.40,8298,-446.2890625,789.0625,-155.2734375,-1.2620475821170998,-0.992045146833577,2.828306052856811,-2052,-1524,-1112,3832,313,100644
12:55:8.60,8299,-376.953125,787.109375,-95.703125,-1.19118721448613,-1.0506882097005865,2.709798196646396,-2052,-1524,-1112,3832,313,100644
12:55:8.81,8300,-351.5625,813.4765625,-83.984375,-1.225395667825219,-1.0665707058937348,2.6047293756763374,-2052,-1524,-1112,3832,313,100644
12:55:8.101,8301,-361.328125,880.859375,-53.7109375,-1.2779300783102483,-1.0396926354130223,2.4593434489852104,-2052,-1524,-1112,3832,313,100644
12:55:8.111,8302,-358.3984375,863.28125,4.8828125,-1.2473868164003474,-0.9798278420696167,2.321287905152458,-2006,-1410,-1138,3832,313,100644
12:55:8.132,8303,-351.5625,852.5390625,14.6484375,-1.1618656830526253,-0.9786061115932208,2.2076669708476278,-2006,-1410,-1138,3832,313,100644
12:55:8.152,8304,-329.1015625,887.6953125,28.3203125,-0.8979719001510825,-0.984714763975201,2.1258110289290935,-2006,-1410,-1138,3832,313,100644
12:55:8.173,8305,-307.6171875,913.0859375,17.578125,-0.33475415053251245,-1.0409143658894182,2.136806603216658,-2006,-1410,-1138,3832,313,100644
12:55:8.183,8306,-284.1796875,874.0234375,-6.8359375,0.3677408733952052,-1.029918791601854,2.2162190841824,-1953,-1324,-1187,3832,313,100644
12:55:8.204,8307,-248.046875,803.7109375,-36.1328125,0.4312708581677988,-1.0067059125503293,2.2992967565773297,-1953,-1324,-1187,3832,313,100644
12:55:8.224,8308,-124.0234375,883.7890625,-12.6953125,0.18448130193580062,-1.03114052207825,2.420248073740537,-1953,-1324,-1187,3832,313,100644
12:55:8.244,8309,-19.53125,982.421875,20.5078125,-0.2419026343264141,-1.115439924949576,2.5570818870968925,-1953,-1324,-1187,3832,313,100644
12:55:8.275,8310,-4.8828125,1056.640625,39.0625,-0.6572909963010646,-1.2290608592544068,2.537534199474556,-1953,-1324,-1187,3832,313,100644
12:55:8.295,8311,-18.5546875,1143.5546875,71.2890625,-0.8002334620394002,-1.2217304763960306,2.3872613508778437,-1878,-1269,-1210,3832,313,100644
12:55:8.316,8312,-38.0859375,1216.796875,125.9765625,-0.8271115325201129,-1.115439924949576,2.1160371851179254,-1878,-1269,-1210,3832,313,100644
12:55:8.336,8313,-67.3828125,1254.8828125,165.0390625,-0.7623598172711232,-0.9199630487262113,1.794722069825769,-1878,-1269,-1210,3832,313,100644
12:55:8.346,8314,-72.265625,1346.6796875,231.4453125,-0.41905355340383854,-0.6475171524898963,1.354899098323198,-1878,-1269,-1210,3832,313,100644
12:55:8.366,8315,-57.6171875,1300.78125,239.2578125,0.12461650859239513,-0.43493604959698695,1.0763445497049031,-1878,-1269,-1210,3832,313,100644
12:55:8.387,8316,-41.9921875,1239.2578125,191.40625,0.395840674352314,-0.22846359908605776,0.836885376331281,-1806,-1230,-1242,3832,313,100644
12:55:8.427,8317,-24.4140625,1258.7890625,158.203125,0.42516220578581876,-0.08063421144213802,0.6157521601035995,-1806,-1230,-1242,3832,313,100644
12:55:8.438,8318,-7.8125,1287.109375,156.25,0.35185837720205687,-0.021991148575128554,0.45204027626653137,-1806,-1230,-1242,3832,313,100644
12:55:8.458,8319,-12.6953125,1291.9921875,148.4375,0.1869247628885927,-0.0317649923862968,0.3811799086355616,-1806,-1230,-1242,3832,313,100644
12:55:8.478,8320,-7.8125,1304.6875,140.625,-0.11239920382843484,-0.058643062867009474,0.2932153143350474,-1761,-1217,-1249,3832,313,100644
12:55:8.499,8321,4.8828125,1335.9375,140.625,-0.3640756819660172,-0.07696902001294993,0.1233947781159991,-1761,-1217,-1249,3832,313,100644
12:55:8.519,8322,-21.484375,1449.21875,155.2734375,-0.395840674352314,-0.026878070480712675,-0.17226399717184035,-1761,-1217,-1249,3832,313,100644
12:55:8.529,8323,-19.53125,1460.9375,144.53125,-0.1869247628885927,0.08063421144213802,-0.41905355340383854,-1761,-1217,-1249,3832,313,100644
12:55:8.549,8324,-16.6015625,1427.734375,167.96875,0.0012217304763960308,0.20525072003453318,-0.6829473363053812,-1761,-1217,-1249,3832,313,100644
12:55:8.570,8325,-20.5078125,1410.15625,200.1953125,0.04153883619746505,0.3005456971934236,-0.8930849782454985,-1747,-1217,-1244,3832,313,100644
12:55:8.590,8326,-16.6015625,1377.9296875,184.5703125,0.012217304763960306,0.3872885610175418,-1.1410962649538927,-1747,-1217,-1244,3832,313,100644
12:55:8.610,8327,-20.5078125,1353.515625,175.78125,-0.05986479334340551,0.47403142484165994,-1.3316862192716736,-1747,-1217,-1244,3832,313,100644
12:55:8.621,8328,-38.0859375,1318.359375,162.109375,-0.06841690667817772,0.5742133239061344,-1.5454890526409788,-1747,-1217,-1244,3832,313,100644
12:55:8.641,8329,-28.3203125,1297.8515625,138.671875,0.051312680008633295,0.7012732934513217,-1.7751743822034327,-1747,-1217,-1244,3832,313,100644
12:55:8.661,8330,-43.9453125,1256.8359375,117.1875,0.32131511529215606,0.8148942277561525,-2.0305160517702032,-1789,-1227,-1251,3832,313,100644
12:55:8.691,8331,-49.8046875,1211.9140625,101.5625,0.5009094953223726,0.9407324668249436,-2.249205807045093,-1789,-1227,-1251,3832,313,100644
12:55:8.711,8332,-59.5703125,1144.53125,83.0078125,0.41294490102185843,1.03114052207825,-2.461786909938002,-1789,-1227,-1251,3832,313,100644
12:55:8.732,8333,-82.03125,1094.7265625,72.265625,0.10140362954087055,1.0958922373272395,-2.6206118718694857,-1789,-1227,-1251,3832,313,100644
12:55:8.752,8334,-127.9296875,1066.40625,65.4296875,-0.2150245638457014,1.147204917335873,-2.7488935718910694,-1852,-1257,-1223,3832,313,100644
12:55:8.772,8335,-180.6640625,963.8671875,95.703125,-0.3090978105281958,1.189965484009734,-2.758667415702237,-1852,-1257,-1223,3832,313,100644
12:55:8.783,8336,-250.0,895.5078125,87.890625,-0.2419026343264141,1.2241739373488227,-2.758667415702237,-1852,-1257,-1223,3832,313,100644
12:55:8.803,8337,-307.6171875,888.671875,41.9921875,-0.11850785621041499,1.1936306754389219,-2.784323755706554,-1852,-1257,-1223,3832,313,100644
12:55:8.844,8338,-350.5859375,845.703125,-17.578125,0.012217304763960306,1.106887811614804,-2.735454536650713,-1852,-1257,-1223,3832,313,100644
12:55:8.864,8339,-396.484375,768.5546875,-58.59375,0.04520402762665313,0.998153799215557,-2.6633724385433473,-1925,-1311,-1206,3832,313,100644
12:55:8.874,8340,-448.2421875,716.796875,-61.5234375,-0.0635299847725936,0.9321803534901714,-2.6022859147235455,-1925,-1311,-1206,3832,313,100644
12:55:8.895,8341,-466.796875,689.453125,-44.921875,-0.1343903524035634,0.8869763258635184,-2.5240951642341996,-1925,-1311,-1206,3832,313,100643
12:55:8.915,8342,-506.8359375,654.296875,-70.3125,-0.0952949771588904,0.8723155601467659,-2.420248073740537,-1925,-1311,-1206,3832,313,100643
12:55:8.936,8343,-531.25,625.0,-76.171875,0.1478293876439197,0.8674286382411819,-2.3603832803971314,-1925,-1311,-1206,3832,313,100643
12:55:8.946,8344,-544.921875,603.515625,-79.1015625,0.4544837372193235,0.8222246106145287,-2.30540540895931,-2003,-1378,-1174,3832,313,100643
12:55:8.967,8345,-570.3125,570.3125,-108.3984375,0.7660250087003113,0.7623598172711232,-2.2883011822897656,-2003,-1378,-1174,3832,313,100643
12:55:8.987,8346,-600.5859375,524.4140625,-136.71875,1.0079276430267254,0.7037167544041137,-2.2760838775258057,-2003,-1378,-1174,3832,313,100643
12:55:9.8,8347,-606.4453125,487.3046875,-155.2734375,1.0824532020868831,0.6475171524898963,-2.300518487053726,-2003,-1378,-1174,3832,313,100643
12:55:9.18,8348,-631.8359375,459.9609375,-190.4296875,1.0800097411340912,0.6047565858160352,-2.327396557534439,-2003,-1378,-1174,3832,313,100643
12:55:9.39,8349,-664.0625,433.59375,-222.65625,1.1386528040011008,0.5681046715241543,-2.3713788546846954,-2036,-1457,-1147,3832,313,100643
12:55:9.59,8350,-669.921875,408.203125,-249.0234375,1.3182471840313172,0.555887366760194,-2.4483478746976455,-2036,-1457,-1147,3832,313,100643
12:55:9.80,8351,-707.03125,349.609375,-232.421875,1.551597705022959,0.5057964172279568,-2.4984388242298827,-2036,-1457,-1147,3832,313,100643
12:55:9.111,8352,-712.890625,270.5078125,-239.2578125,1.510058868825494,0.4471533543609472,-2.537534199474556,-2036,-1457,-1147,3832,313,100643
12:55:9.131,8353,-741.2109375,214.84375,-317.3828125,1.3707815945163466,0.39706240482871,-2.5570818870968925,-2054,-1561,-1097,3832,313,100643
12:55:9.152,8354,-750.9765625,206.0546875,-314.453125,1.3964379345206632,0.3811799086355616,-2.5912903404359815,-2054,-1561,-1097,3832,313,100643
12:55:9.173,8355,-775.390625,169.921875,-273.4375,1.714087858383631,0.31154127148098787,-2.582738227101209,-2054,-1561,-1097,3832,313,100643
12:55:9.193,8356,-785.15625,11.71875,-292.96875,1.784948226014601,0.2528982086139784,-2.5864034185303972,-2054,-1561,-1097,3832,313,100643
12:55:9.203,8357,-789.0625,-52.734375,-346.6796875,1.5308282869242267,0.16126842288427604,-2.585181688054001,-2054,-1561,-1097,3832,313,100643
12:55:9.223,8358,-789.0625,-125.9765625,-345.703125,1.1789699097221698,0.07452555906015788,-2.560747078526081,-2053,-1684,-1087,3832,313,100643
12:55:9.264,8359,-782.2265625,-143.5546875,-330.078125,1.0103711039795176,-0.019547687622336492,-2.4886649804187146,-2053,-1684,-1087,3832,313,100643
12:55:9.274,8360,-779.296875,-208.0078125,-310.546875,1.1410962649538927,-0.09407324668249437,-2.419026343264141,-2053,-1684,-1087,3832,313,100643
12:55:9.295,8361,-757.8125,-311.5234375,-334.9609375,1.1594222220998334,-0.18325957145940464,-2.3762657765902797,-2053,-1684,-1087,3832,313,100643
12:55:9.315,8362,-751.953125,-358.3984375,-338.8671875,0.915076126820627,-0.25900686099595854,-2.313957522294082,-2053,-1684,-1087,3832,313,100643
12:55:9.336,8363,-746.09375,-382.8125,-312.5,0.6243042734383717,-0.3103195410045918,-2.2369885022811324,-2033,-1797,-1100,3832,313,100643
12:55:9.356,8364,-748.046875,-432.6171875,-285.15625,0.6536258048718764,-0.29932396671702755,-2.1306979508346777,-2033,-1797,-1100,3832,313,100643
12:55:9.366,8365,-719.7265625,-499.0234375,-245.1171875,0.7904596182282319,-0.33597588100890846,-2.015855286053451,-2033,-1797,-1100,3832,313,100643
12:55:9.386,8366,-708.984375,-577.1484375,-252.9296875,0.8759807515759541,-0.34941491624926485,-1.937664535564105,-2033,-1797,-1100,3832,313,100643
12:55:9.407,8367,-728.515625,-673.828125,-238.28125,0.8075638448977764,-0.3445279943436807,-1.8399260974524225,-2007,-1877,-1118,3832,313,100643
12:55:9.427,8368,-738.28125,-738.28125,-209.9609375,0.5803219762881145,-0.31764992386296803,-1.6994270926668789,-2007,-1877,-1118,3832,313,100643
12:55:9.447,8369,-750.0,-789.0625,-187.5,0.2577851305195625,-0.21991148575128555,-1.5406021307353948,-2007,-1877,-1118,3832,313,100643
12:55:9.457,8370,-732.421875,-799.8046875,-161.1328125,-0.010995574287564277,-0.12217304763960309,-1.34512525451203,-2007,-1877,-1118,3832,313,100643
12:55:9.478,8371,-728.515625,-826.171875,-188.4765625,-0.029321531433504737,-0.05497787143782139,-1.0983356982800316,-2007,-1877,-1118,3832,313,100643
12:55:9.498,8372,-717.7734375,-923.828125,-222.65625,0.09651670763528641,-0.010995574287564277,-0.8662069077647858,-1962,-1940,-1149,3832,313,100643
12:55:9.539,8373,-710.9375,-954.1015625,-236.328125,0.17715091907742447,-0.010995574287564277,-0.6096435077216195,-1962,-1940,-1149,3832,313,100643
12:55:9.549,8374,-702.1484375,-978.515625,-218.75,0.17470745812463243,-0.0024434609527920616,-0.32498030672134415,-1962,-1940,-1149,3832,313,100643
12:55:9.569,8375,-701.171875,-1012.6953125,-218.75,0.0012217304763960308,0.0,0.0952949771588904,-1962,-1940,-1149,3832,313,100643
12:55:9.590,8376,-702.1484375,-968.75,-232.421875,-0.24556782575560218,-0.020769418098732523,0.4434881629317592,-1962,-1940,-1149,3832,313,100643
12:55:9.610,8377,-707.03125,-919.921875,-256.8359375,-0.4202752838802346,-0.05497787143782139,0.7745771220350836,-1939,-1969,-1149,3832,313,100643
12:55:9.620,8378,-711.9140625,-882.8125,-248.046875,-0.477696616270848,-0.04520402762665313,1.0555751316061706,-1939,-1969,-1149,3832,313,100643
12:55:9.641,8379,-721.6796875,-849.609375,-204.1015625,-0.5265658353266892,0.003665191429188092,1.3622294811815745,-1939,-1969,-1149,3832,313,100643
12:55:9.681,8380,-724.609375,-765.625,-191.40625,-0.594982742004867,0.06963863715457375,1.5442673221645826,-1939,-1969,-1149,3832,313,100643
12:55:9.702,8381,-721.6796875,-742.1875,-193.359375,-0.6536258048718764,0.12095131716320705,1.7470745812463238,-1949,-1946,-1156,3832,313,100643
12:55:9.712,8382,-725.5859375,-682.6171875,-209.9609375,-0.7696902001294993,0.16859880574265224,1.9254472308001445,-1949,-1946,-1156,3832,313,100643
12:55:9.732,8383,-741.2109375,-607.421875,-255.859375,-0.8161159582325487,0.23579398194443396,2.1331414117874696,-1949,-1946,-1156,3832,313,100643
12:55:9.752,8384,-745.1171875,-497.0703125,-239.2578125,-0.839328837284073,0.2871066619530672,2.2418754241867167,-1949,-1946,-1156,3832,313,100643
12:55:9.773,8385,-719.7265625,-427.734375,-196.2890625,-0.8051203839449842,0.35552356863124496,2.3506094365859633,-1949,-1946,-1156,3832,313,100643
12:55:9.793,8386,-675.78125,-378.90625,-136.71875,-0.9700539982584484,0.40194932673429407,2.426356726122517,-2000,-1886,-1130,3832,313,100643
12:55:9.823,8387,-646.484375,-277.34375,-124.0234375,-1.269377964975476,0.4532620067429274,2.5192082423286153,-2000,-1886,-1130,3832,313,100643
12:55:9.844,8388,-665.0390625,-143.5546875,-277.34375,-1.2290608592544068,0.4398229715025711,2.5228734337578036,-2000,-1886,-1130,3832,313,100643
12:55:9.864,8389,-706.0546875,-18.5546875,-360.3515625,-0.8002334620394002,0.5094616086571448,2.426356726122517,-2000,-1886,-1130,3832,313,100643
12:55:9.884,8390,-732.421875,17.578125,-326.171875,-0.2687807048071268,0.5632177496185702,2.2956315651481414,-2000,-1886,-1130,3832,313,100643
12:55:9.894,8391,-770.5078125,1.953125,-391.6015625,0.09651670763528641,0.5375614096142536,2.2553144594270726,-2032,-1801,-1101,3832,313,100643
12:55:9.915,8392,-824.21875,34.1796875,-457.03125,0.15393804002589986,0.5082398781807488,2.2614231118090533,-2032,-1801,-1101,3832,313,100643
12:55:9.935,8393,-840.8203125,73.2421875,-484.375,0.09651670763528641,0.44837508483734323,2.2748621470494093,-2032,-1801,-1101,3832,313,100643
12:55:9.955,8394,-827.1484375,74.21875,-501.953125,-0.22724186860966175,0.35063664672566086,2.3335052099164186,-2032,-1801,-1101,3832,313,100643
12:55:9.965,8395,-823.2421875,114.2578125,-505.859375,-0.8784242125287461,0.20036379812894903,2.427578456598913,-2034,-1722,-1071,3832,313,100643
12:55:9.986,8396,-818.359375,189.453125,-531.25,-1.2144000935376547,0.06230825429619757,2.5570818870968925,-2034,-1722,-1071,3832,313,100643
12:55:10.6,8397,-816.40625,261.71875,-523.4375,-1.3329079497480694,-0.06475171524898964,2.6401595594918223,-2034,-1722,-1071,3832,313,100643
12:55:10.26,8398,-755.859375,317.3828125,-488.28125,-1.308473340220149,-0.1734857276482364,2.6743680128309113,-2034,-1722,-1071,3832,313,100643
12:55:10.47,8399,-695.3125,322.265625,-428.7109375,-1.4062117783318313,-0.2956587752878394,2.653598594732179,-2034,-1722,-1071,3832,313,100643
12:55:10.57,8400,-630.859375,422.8515625,-388.671875,-1.5748105840744835,-0.4324925886441948,2.6499334033029904,-2035,-1626,-1077,3832,313,100643
12:55:10.97,8401,-597.65625,525.390625,-344.7265625,-1.6053538459843844,-0.5644394800949663,2.6792549347364956,-2035,-1626,-1077,3832,313,100643
12:55:10.168,8402,-550.78125,576.171875,-351.5625,-1.5735888535980878,-0.6414085001079162,2.701246083311624,-2035,-1626,-1077,3832,313,100643
12:55:10.188,8403,-504.8828125,548.828125,-267.578125,-1.7385224679115518,-0.6743952229706089,2.585181688054001,-2035,-1626,-1077,3832,313,100643
12:55:10.208,8404,-420.8984375,672.8515625,-202.1484375,-1.8057176441133334,-0.7037167544041137,2.4752259451783587,-2035,-1626,-1077,3832,313,100643
12:55:10.229,8405,-421.875,789.0625,-179.6875,-1.4294246573833558,-0.7745771220350836,2.421469804216933,-2011,-1510,-1103,3832,313,100643
12:55:10.239,8406,-414.0625,795.8984375,-156.25,-0.9859364944515968,-0.7733553915586875,2.390926542307032,-2011,-1510,-1103,3832,313,100643
12:55:10.260,8407,-384.765625,773.4375,-143.5546875,-0.913854396344231,-0.7232644420264501,2.256536189903469,-2011,-1510,-1103,3832,313,100643
12:55:10.280,8408,-375.9765625,779.296875,-126.953125,-0.9615018849236762,-0.7122688677388859,2.1270327594054894,-2011,-1510,-1103,3832,313,100643
12:55:10.301,8409,-375.0,817.3828125,-110.3515625,-0.7623598172711232,-0.670730031541421,2.029294321293807,-1974,-1401,-1119,3832,313,100643
12:55:10.311,8410,-375.9765625,868.1640625,-106.4453125,-0.477696616270848,-0.6548475353482726,1.9596556841392334,-1974,-1401,-1119,3832,313,100643
12:55:10.331,8411,-381.8359375,863.28125,-134.765625,-0.25900686099595854,-0.6181956210563916,1.8936822384138476,-1974,-1401,-1119,3832,313,100643
12:55:10.352,8412,-361.328125,884.765625,-144.53125,-0.2162462943220974,-0.6059783162924314,1.8851301250790755,-1974,-1401,-1119,3832,313,100643
12:55:10.372,8413,-341.796875,923.828125,-148.4375,-0.1343903524035634,-0.6133086991508074,1.913229926036184,-1974,-1401,-1119,3832,313,100643
12:55:10.393,8414,-320.3125,960.9375,-151.3671875,0.003665191429188092,-0.6206390820091836,1.947438379375273,-1926,-1339,-1167,3832,313,100643
12:55:10.403,8415,-283.203125,971.6796875,-154.296875,0.3090978105281958,-0.6243042734383717,1.9718729889031936,-1926,-1339,-1167,3832,313,100643
12:55:10.423,8416,-245.1171875,998.046875,-139.6484375,0.6157521601035995,-0.6194173515327875,1.9901989460491343,-1926,-1339,-1167,3832,313,100643
12:55:10.444,8417,-204.1015625,1025.390625,-133.7890625,0.9468411192069238,-0.5656612105713622,1.99142067652553,-1926,-1339,-1167,3832,313,100643
12:55:10.464,8418,-177.734375,1053.7109375,-143.5546875,1.1667526049582093,-0.4679227724596798,1.9535470317572532,-1926,-1339,-1167,3832,313,100643
12:55:10.484,8419,-135.7421875,1103.515625,-143.5546875,1.2473868164003474,-0.35063664672566086,1.8093828355425217,-1875,-1303,-1147,3832,313,100643
12:55:10.494,8420,-121.09375,1101.5625,-105.46875,1.4184290830957917,-0.20402898955813717,1.6432274907526612,-1875,-1303,-1147,3832,313,100643
12:55:10.515,8421,-123.046875,1062.5,-44.921875,1.8008307222077493,-0.009773843811168246,1.4330898488125443,-1875,-1303,-1147,3832,313,100643
12:55:10.535,8422,-73.2421875,1061.5234375,-103.515625,2.3774875070666757,0.20158552860534507,1.147204917335873,-1875,-1303,-1147,3832,313,100643
12:55:10.555,8423,-54.6875,960.9375,-165.0390625,2.988352745264691,0.40072759625789806,0.6524040743954804,-1818,-1301,-1102,3832,313,100643
12:55:10.565,8424,-87.890625,879.8828125,-251.953125,2.833192974762395,0.5082398781807488,0.3811799086355616,-1818,-1301,-1102,3832,313,100643
12:55:10.586,8425,-45.8984375,882.8125,-346.6796875,2.345722514680379,0.6084217772452234,0.2907718533822553,-1818,-1301,-1102,3832,313,100643
12:55:10.606,8426,-25.390625,859.375,-417.96875,1.9401079965168968,0.7232644420264501,0.31520646291017596,-1818,-1301,-1102,3832,313,100643
12:55:10.626,8427,-21.484375,789.0625,-455.078125,1.587027888838444,0.79412480965742,0.36163222101322506,-1818,-1301,-1102,3832,313,100643
12:55:10.647,8428,-10.7421875,717.7734375,-491.2109375,1.3439035240356338,0.8038986534685881,0.39461894387591795,-1772,-1351,-1023,3832,313,100643
12:55:10.657,8429,-0.0,737.3046875,-513.671875,1.1679743354346053,0.7855726963226478,0.49968776484597655,-1772,-1351,-1023,3832,313,100643
12:55:10.677,8430,54.6875,775.390625,-525.390625,1.1227703078079523,0.7929030791810241,0.5998696639104512,-1772,-1351,-1023,3832,313,100643
12:55:10.697,8431,106.4453125,677.734375,-549.8046875,1.1496483782886648,0.8112290363269644,0.6377433086787281,-1772,-1351,-1023,3832,313,100643
12:55:10.718,8432,118.1640625,602.5390625,-527.34375,1.0824532020868831,0.8307767239493008,0.5742133239061344,-1772,-1351,-1023,3832,313,100643
12:55:10.738,8433,93.75,598.6328125,-553.7109375,0.9285151620609834,0.9004153611038747,0.5668829410477583,-1735,-1403,-984,3832,313,100643
12:55:10.748,8434,146.484375,624.0234375,-637.6953125,0.79412480965742,0.9810495725460128,0.6084217772452234,-1735,-1403,-984,3832,313,100643
12:55:10.769,8435,213.8671875,626.953125,-654.296875,0.6084217772452234,1.029918791601854,0.6976081020221336,-1735,-1403,-984,3832,313,100643
12:55:10.789,8436,241.2109375,618.1640625,-617.1875,0.4850269991292242,1.0005972601683493,0.753807703936351,-1735,-1403,-984,3832,313,100643
12:55:10.810,8437,255.859375,643.5546875,-623.046875,0.4471533543609472,1.0091493735031216,0.7819075048934596,-1735,-1403,-984,3832,313,100643
12:55:10.820,8438,261.71875,641.6015625,-676.7578125,0.5314527572322734,1.0115928344559135,0.791681348704628,-1690,-1433,-945,3832,313,100643
12:55:10.840,8439,304.6875,689.453125,-697.265625,0.6536258048718764,1.033583983031042,0.7745771220350836,-1690,-1433,-945,3832,313,100643
12:55:10.861,8440,350.5859375,708.984375,-687.5,0.7623598172711232,1.0653489754173389,0.8014551925157961,-1690,-1433,-945,3832,313,100643
12:55:10.881,8441,380.859375,679.6875,-716.796875,0.831998454425697,1.0812314716104872,0.7892378877518359,-1690,-1433,-945,3826,313,100645
12:55:10.902,8442,396.484375,592.7734375,-713.8671875,0.7892378877518359,1.072679358275715,0.7330382858376185,-1632,-1454,-937,3826,313,100645
12:55:10.933,8443,429.6875,573.2421875,-695.3125,0.5656612105713622,1.0519099401769825,0.6646213791594408,-1632,-1454,-937,3826,313,100645
12:55:10.953,8444,427.734375,615.234375,-713.8671875,0.4801400772236401,1.0812314716104872,0.6633996486830448,-1632,-1454,-937,3826,313,100645
12:55:10.973,8445,466.796875,609.375,-751.953125,0.553443905807402,1.1178833859023682,0.6817256058289851,-1632,-1454,-937,3826,313,100645
12:55:10.994,8446,487.3046875,561.5234375,-739.2578125,0.6792821448761931,1.1447614563830808,0.6646213791594408,-1632,-1454,-937,3826,313,100645
12:55:11.4,8447,540.0390625,549.8046875,-698.2421875,0.6194173515327875,1.1398745344774965,0.6548475353482726,-1575,-1482,-922,3826,313,100645
12:55:11.24,8448,562.5,508.7890625,-665.0390625,0.4276056667386108,1.1337658820955165,0.668286570588629,-1575,-1482,-922,3826,313,100645
12:55:11.45,8449,565.4296875,514.6484375,-718.75,0.197920337176157,1.1496483782886648,0.6878342582109653,-1575,-1482,-922,3826,313,100645
12:55:11.158,8450,568.359375,521.484375,-715.8203125,0.11362093430483088,1.1484266478122689,0.6963863715457376,-1575,-1482,-922,3826,313,100645
12:55:11.168,8451,589.84375,549.8046875,-622.0703125,0.18570303241219668,1.1557570306706453,0.7305948248848264,-1575,-1482,-922,3826,313,100645
12:55:11.189,8452,677.734375,583.0078125,-624.0234375,0.3481931857728688,1.1630874135290212,0.7709119306058954,-1520,-1508,-937,3826,313,100645
12:55:11.209,8453,690.4296875,527.34375,-713.8671875,0.555887366760194,1.2034045192500902,0.7244861725028463,-1520,-1508,-937,3826,313,100645
12:55:11.230,8454,698.2421875,500.0,-662.109375,0.675616953447005,1.263269312593496,0.5998696639104512,-1520,-1508,-937,3826,313,100645
12:55:11.240,8455,714.84375,497.0703125,-575.1953125,0.5461135229490258,1.2608258516407038,0.4825835381764321,-1520,-1508,-937,3826,313,100645
12:55:11.260,8456,745.1171875,517.578125,-539.0625,0.37629298672997746,1.2644910430698917,0.41416663149825445,-1469,-1538,-953,3826,313,100645
12:55:11.280,8457,736.328125,481.4453125,-632.8125,0.38606683054114566,1.306029879267357,0.33964107243809655,-1469,-1538,-953,3826,313,100645
12:55:11.301,8458,730.46875,452.1484375,-658.203125,0.553443905807402,1.3817771688039107,0.24434609527920617,-1469,-1538,-953,3826,313,100645
12:55:11.321,8459,793.9453125,468.75,-641.6015625,0.751364242983559,1.387885821185891,0.2419026343264141,-1469,-1538,-953,3826,313,100645
12:55:11.331,8460,837.890625,470.703125,-592.7734375,0.756251164889143,1.3805554383275147,0.28099800957108706,-1469,-1538,-953,3826,313,100645
12:55:11.351,8461,830.078125,423.828125,-660.15625,0.6951646410693415,1.3744467859455347,0.2687807048071268,-1418,-1564,-970,3826,313,100645
12:55:11.372,8462,810.546875,371.09375,-666.015625,0.5681046715241543,1.353677367846802,0.19914206765255302,-1418,-1564,-970,3826,313,100645
12:55:11.392,8463,839.84375,384.765625,-614.2578125,0.3787364476827696,1.2754866173574562,0.18325957145940464,-1418,-1564,-970,3826,313,100645
12:55:11.412,8464,895.5078125,423.828125,-541.9921875,0.2846632010002752,1.2657127735462879,0.2211332162276816,-1418,-1564,-970,3826,313,100645
12:55:11.423,8465,925.78125,407.2265625,-585.9375,0.33597588100890846,1.2730431564046643,0.2516764781375823,-1418,-1564,-970,3826,313,100645
12:55:11.443,8466,911.1328125,390.625,-654.296875,0.5619960191421741,1.2974777659325847,0.2076941809873252,-1372,-1595,-1010,3826,313,100645
12:55:11.463,8467,905.2734375,348.6328125,-575.1953125,0.6035348553396392,1.2156218240140506,0.1478293876439197,-1372,-1595,-1010,3826,313,100645
12:55:11.484,8468,915.0390625,325.1953125,-499.0234375,0.3262020371977402,1.1630874135290212,0.16493361431346415,-1372,-1595,-1010,3826,313,100645
12:55:11.504,8469,955.078125,367.1875,-452.1484375,0.025656340004316647,1.1093312725675961,0.2150245638457014,-1372,-1595,-1010,3826,313,100645
12:55:11.514,8470,999.0234375,386.71875,-461.9140625,-0.051312680008633295,1.103222620185616,0.24556782575560218,-1335,-1618,-1041,3826,313,100645
12:55:11.535,8471,993.1640625,406.25,-535.15625,0.33719761148530447,1.194852405915318,0.16493361431346415,-1335,-1618,-1041,3826,313,100645
12:55:11.555,8472,980.46875,336.9140625,-486.328125,0.6633996486830448,1.2058479802028823,0.05375614096142535,-1335,-1618,-1041,3826,313,100645
12:55:11.576,8473,945.3125,243.1640625,-409.1796875,0.6743952229706089,1.1863002925805461,0.003665191429188092,-1335,-1618,-1041,3826,313,100645
12:55:11.586,8474,950.1953125,265.625,-358.3984375,0.4960225734167885,1.1325441516191206,-0.012217304763960306,-1335,-1618,-1041,3826,313,100645
12:55:11.606,8475,967.7734375,278.3203125,-357.421875,0.01832595714594046,1.0616837839881508,0.04520402762665313,-1302,-1630,-1087,3826,313,100645
12:55:11.626,8476,974.609375,280.2734375,-388.671875,0.33475415053251245,1.0115928344559135,0.07819075048934597,-1302,-1630,-1087,3826,313,100645
12:55:11.647,8477,981.4453125,276.3671875,-374.0234375,0.40805797911627434,0.9871582249279928,0.07574728953655392,-1302,-1630,-1087,3826,313,100645
12:55:11.698,8478,974.609375,267.578125,-325.1953125,0.4056145181634822,0.9688322677820524,0.04276056667386108,-1302,-1630,-1087,3826,313,100645
12:55:11.718,8479,968.75,241.2109375,-295.8984375,0.3335324200561164,0.950506310636112,0.010995574287564277,-1302,-1630,-1087,3826,313,100645
12:55:11.739,8480,986.328125,297.8515625,-307.6171875,0.26389378290154264,0.9688322677820524,0.004886921905584123,-1276,-1646,-1139,3826,313,100645
12:55:11.749,8481,1013.671875,343.75,-301.7578125,0.38606683054114566,0.9798278420696167,-0.03665191429188092,-1276,-1646,-1139,3826,313,100645
12:55:11.770,8482,1017.578125,377.9296875,-289.0625,0.6536258048718764,0.9615018849236762,-0.09651670763528641,-1276,-1646,-1139,3826,313,100645
12:55:11.790,8483,1020.5078125,303.7109375,-276.3671875,0.9028588220566667,0.9016370915802707,-0.19914206765255302,-1276,-1646,-1139,3826,313,100645
12:55:11.811,8484,1035.15625,263.671875,-291.015625,0.8784242125287461,0.8307767239493008,-0.2687807048071268,-1259,-1646,-1157,3826,313,100645
12:55:11.831,8485,1037.109375,205.078125,-322.265625,0.6414085001079162,0.7464773210779747,-0.2846632010002752,-1259,-1646,-1157,3826,313,100645
12:55:11.841,8486,1011.71875,210.9375,-325.1953125,0.3445279943436807,0.6719517620178169,-0.2907718533822553,-1259,-1646,-1157,3826,313,100645
12:55:11.861,8487,996.09375,229.4921875,-315.4296875,0.1502728485967118,0.6108652381980153,-0.2687807048071268,-1259,-1646,-1157,3826,313,100645
12:55:11.882,8488,990.234375,235.3515625,-280.2734375,0.14416419621473164,0.5302310267558774,-0.26022859147235455,-1259,-1646,-1157,3826,313,100645
12:55:11.902,8489,988.28125,202.1484375,-251.953125,0.17959438003021652,0.45814892864851153,-0.2504547476611863,-1249,-1655,-1203,3826,313,100645
12:55:11.923,8490,993.1640625,197.265625,-229.4921875,0.19181168479417682,0.4153883619746504,-0.2223549467040776,-1249,-1655,-1203,3826,313,100645
12:55:11.933,8491,995.1171875,219.7265625,-238.28125,0.2028072590817411,0.36651914291880927,-0.1734857276482364,-1249,-1655,-1203,3832,313,100653
12:55:11.953,8492,1004.8828125,238.28125,-210.9375,0.2663372438543347,0.3103195410045918,-0.1429424657383356,-1249,-1655,-1203,3832,313,100653
12:55:11.974,8493,1006.8359375,200.1953125,-180.6640625,0.29810223624063154,0.2748893571891069,-0.15149457907310784,-1249,-1655,-1203,3832,313,100653
12:55:11.994,8494,1000.0,196.2890625,-158.203125,0.25656340004316647,0.22724186860966175,-0.1270599695451872,-1240,-1652,-1220,3832,313,100653
12:55:12.14,8495,1000.0,209.9609375,-150.390625,0.1869247628885927,0.17959438003021652,-0.12583823906879116,-1240,-1652,-1220,3832,313,100653
12:55:12.25,8496,996.09375,195.3125,-139.6484375,0.1356120828799594,0.14049900478554353,-0.11728612573401895,-1240,-1652,-1220,3832,313,100653
12:55:12.45,8497,996.09375,189.453125,-125.9765625,0.0476474885794452,0.12217304763960309,-0.1307251609743753,-1240,-1652,-1220,3832,313,100653
12:55:12.65,8498,993.1640625,189.453125,-120.1171875,-0.04031710572106901,0.0952949771588904,-0.1148426647812269,-1233,-1651,-1227,3832,313,100653
12:55:12.85,8499,991.2109375,182.6171875,-106.4453125,-0.12950343049797927,0.07819075048934597,-0.10018189906447451,-1233,-1651,-1227,3832,313,100653
12:55:12.96,8500,981.4453125,202.1484375,-105.46875,-0.1661553447898602,0.04642575810304917,-0.025656340004316647,-1233,-1651,-1227,3832,313,100653
12:55:12.116,8501,981.4453125,225.5859375,-110.3515625,-0.14538592669112765,0.020769418098732523,0.020769418098732523,-1233,-1651,-1227,3832,313,100653
12:55:12.136,8502,975.5859375,240.234375,-98.6328125,-0.1075122819228507,0.003665191429188092,0.04398229715025711,-1233,-1651,-1227,3832,313,100653
12:55:12.157,8503,974.609375,254.8828125,-83.0078125,-0.05497787143782139,0.009773843811168246,0.0317649923862968,-1227,-1645,-1222,3832,313,100653
12:55:12.177,8504,979.4921875,268.5546875,-91.796875,0.007330382858376184,0.025656340004316647,-0.01710422666954443,-1227,-1645,-1222,3832,313,100653
12:55:12.187,8505,983.3984375,212.890625,-102.5390625,0.021991148575128554,0.03543018381548489,-0.03420845333908886,-1227,-1645,-1222,3832,313,100653
12:55:12.207,8506,985.3515625,246.09375,-99.609375,-0.06963863715457375,0.013439035240356337,-0.003665191429188092,-1227,-1645,-1222,3832,313,100653
12:55:12.228,8507,990.234375,274.4140625,-86.9140625,-0.0989601685880785,-0.007330382858376184,0.07941248096574201,-1227,-1645,-1222,3832,313,100653
12:55:12.248,8508,986.328125,274.4140625,-74.21875,-0.04520402762665313,-0.05742133239061345,0.12950343049797927,-1232,-1650,-1236,3832,313,100653
12:55:12.268,8509,978.515625,258.7890625,-69.3359375,-0.0635299847725936,-0.05742133239061345,0.0989601685880785,-1232,-1650,-1236,3832,313,100653
12:55:12.279,8510,977.5390625,264.6484375,-75.1953125,-0.10140362954087055,-0.05497787143782139,0.06963863715457375,-1232,-1650,-1236,3832,313,100653
12:55:12.299,8511,978.515625,268.5546875,-76.171875,-0.1148426647812269,-0.03787364476827696,0.06108652381980154,-1232,-1650,-1236,3832,313,100653
12:55:12.319,8512,988.28125,268.5546875,-68.359375,-0.11728612573401895,-0.02809980095710871,0.05619960191421742,-1232,-1650,-1236,3832,313,100653
12:55:12.340,8513,986.328125,277.34375,-56.640625,-0.1343903524035634,-0.019547687622336492,0.0317649923862968,-1236,-1656,-1231,3832,313,100653
12:55:12.350,8514,981.4453125,275.390625,-60.546875,-0.10873401239924674,-0.023212879051524585,0.009773843811168246,-1236,-1656,-1231,3832,313,100653
12:55:12.370,8515,975.5859375,260.7421875,-66.40625,-0.06597344572538566,-0.01832595714594046,-0.026878070480712675,-1236,-1656,-1231,3832,313,100653
12:55:12.391,8516,979.4921875,265.625,-65.4296875,-0.058643062867009474,-0.008552113334772215,-0.05009094953223726,-1236,-1656,-1231,3832,313,100653
12:55:12.411,8517,980.46875,256.8359375,-72.265625,-0.04398229715025711,-0.008552113334772215,-0.03420845333908886,-1229,-1660,-1250,3832,313,100653
12:55:12.432,8518,980.46875,254.8828125,-66.40625,-0.05497787143782139,-0.009773843811168246,-0.0158824961931484,-1229,-1660,-1250,3832,313,100653
12:55:12.442,8519,977.5390625,250.9765625,-64.453125,-0.07696902001294993,-0.013439035240356337,-0.02809980095710871,-1229,-1660,-1250,3832,313,100653
12:55:12.482,8520,984.375,251.953125,-62.5,-0.11362093430483088,-0.020769418098732523,-0.06475171524898964,-1229,-1660,-1250,3832,313,100653
12:55:12.503,8521,984.375,244.140625,-63.4765625,-0.12217304763960309,-0.020769418098732523,-0.08429940287132612,-1229,-1660,-1250,3832,313,100653
12:55:12.523,8522,987.3046875,246.09375,-65.4296875,-0.13316862192716736,-0.004886921905584123,-0.09162978572970232,-1236,-1660,-1239,3832,313,100653
12:55:12.533,8523,984.375,236.328125,-74.21875,-0.11606439525762292,0.0024434609527920616,-0.06841690667817772,-1236,-1660,-1239,3832,313,100653
12:55:12.554,8524,983.3984375,250.0,-64.453125,-0.07330382858376185,-0.026878070480712675,-0.02809980095710871,-1236,-1660,-1239,3832,313,100653
12:55:12.574,8525,985.3515625,235.3515625,-57.6171875,-0.05375614096142535,-0.0317649923862968,-0.021991148575128554,-1236,-1660,-1239,3832,313,100653
12:55:12.595,8526,981.4453125,227.5390625,-68.359375,-0.1075122819228507,-0.039095375244672985,-0.051312680008633295,-1236,-1660,-1239,3832,313,100653
12:55:12.605,8527,987.3046875,234.375,-68.359375,-0.18570303241219668,-0.03543018381548489,-0.05986479334340551,-1231,-1654,-1248,3832,313,100653
12:55:12.625,8528,995.1171875,239.2578125,-63.4765625,-0.17959438003021652,-0.04276056667386108,-0.04398229715025711,-1231,-1654,-1248,3832,313,100653
12:55:12.645,8529,990.234375,249.0234375,-57.6171875,-0.1343903524035634,-0.04031710572106901,-0.03054326190990077,-1231,-1654,-1248,3832,313,100653
12:55:12.666,8530,987.3046875,253.90625,-59.5703125,-0.09285151620609834,-0.03787364476827696,-0.04276056667386108,-1231,-1654,-1248,3832,313,100653
12:55:12.686,8531,983.3984375,232.421875,-59.5703125,-0.07941248096574201,-0.04398229715025711,-0.05009094953223726,-1229,-1654,-1256,3832,313,100653
12:55:12.696,8532,982.421875,238.28125,-70.3125,-0.11972958668681102,-0.052534410485029326,-0.04398229715025711,-1229,-1654,-1256,3832,313,100653
12:55:12.717,8533,980.46875,250.9765625,-60.546875,-0.1392772743091475,-0.0476474885794452,-0.02809980095710871,-1229,-1654,-1256,3832,313,100653
12:55:12.758,8534,987.3046875,254.8828125,-55.6640625,-0.10262536001726659,-0.052534410485029326,-0.009773843811168246,-1229,-1654,-1256,3832,313,100653
12:55:12.778,8535,984.375,241.2109375,-53.7109375,-0.08429940287132612,-0.05742133239061345,-0.010995574287564277,-1229,-1654,-1256,3832,313,100653
12:55:12.788,8536,982.421875,247.0703125,-59.5703125,-0.10140362954087055,-0.05742133239061345,-0.020769418098732523,-1232,-1656,-1251,3832,313,100653
12:55:12.809,8537,983.3984375,257.8125,-56.640625,-0.10262536001726659,-0.05375614096142535,-0.020769418098732523,-1232,-1656,-1251,3832,313,100653
12:55:12.829,8538,977.5390625,256.8359375,-59.5703125,-0.10995574287564278,-0.06108652381980154,-0.029321531433504737,-1232,-1656,-1251,3832,313,100653
12:55:12.849,8539,983.3984375,250.9765625,-58.59375,-0.12095131716320705,-0.05742133239061345,-0.0476474885794452,-1232,-1656,-1251,3832,313,100653
12:55:12.860,8540,984.375,264.6484375,-59.5703125,-0.10506882097005865,-0.05742133239061345,-0.051312680008633295,-1232,-1656,-1251,3832,313,100653
12:55:12.900,8541,986.328125,251.953125,-56.640625,-0.08918632477691024,-0.06108652381980154,-0.04031710572106901,-1232,-1656,-1245,3832,313,100655
12:55:12.921,8542,983.3984375,245.1171875,-56.640625,-0.09773843811168245,-0.05742133239061345,-0.04520402762665313,-1232,-1656,-1245,3832,313,100655
12:55:12.941,8543,986.328125,248.046875,-55.6640625,-0.1270599695451872,-0.0635299847725936,-0.04398229715025711,-1232,-1656,-1245,3832,313,100655
12:55:12.951,8544,983.3984375,253.90625,-53.7109375,-0.10873401239924674,-0.05986479334340551,-0.02809980095710871,-1232,-1656,-1245,3832,313,100655
12:55:12.972,8545,977.5390625,248.046875,-50.78125,-0.10995574287564278,-0.06841690667817772,-0.03787364476827696,-1230,-1649,-1245,3832,313,100655
12:55:12.992,8546,978.515625,242.1875,-52.734375,-0.10506882097005865,-0.0671951762017817,-0.03420845333908886,-1230,-1649,-1245,3832,313,100655
12:55:13.12,8547,978.515625,243.1640625,-50.78125,-0.10018189906447451,-0.05986479334340551,-0.039095375244672985,-1230,-1649,-1245,3832,313,100655
12:55:13.33,8548,982.421875,251.953125,-52.734375,-0.09162978572970232,-0.06475171524898964,-0.02809980095710871,-1230,-1649,-1245,3832,313,100655
12:55:13.43,8549,982.421875,249.0234375,-41.015625,-0.08918632477691024,-0.058643062867009474,-0.029321531433504737,-1230,-1649,-1245,3832,313,100655
12:55:13.63,8550,985.3515625,249.0234375,-49.8046875,-0.07819075048934597,-0.0635299847725936,-0.03298672286269283,-1234,-1648,-1232,3832,313,100655
12:55:13.84,8551,989.2578125,253.90625,-55.6640625,-0.08918632477691024,-0.06108652381980154,-0.03054326190990077,-1234,-1648,-1232,3832,313,100655
12:55:13.104,8552,977.5390625,257.8125,-50.78125,-0.06108652381980154,-0.04642575810304917,-0.029321531433504737,-1234,-1648,-1232,3832,313,100655
12:55:13.124,8553,983.3984375,250.0,-53.7109375,-0.058643062867009474,-0.0476474885794452,-0.04153883619746505,-1234,-1648,-1232,3832,313,100655
12:55:13.134,8554,978.515625,237.3046875,-54.6875,-0.0830776723949301,-0.058643062867009474,-0.04520402762665313,-1234,-1648,-1232,3832,313,100655
12:55:13.175,8555,982.421875,247.0703125,-59.5703125,-0.13316862192716736,-0.06841690667817772,-0.04520402762665313,-1230,-1650,-1247,3832,313,100655
12:55:13.196,8556,974.609375,248.046875,-62.5,-0.14905111812031577,-0.0867428638241182,-0.023212879051524585,-1230,-1650,-1247,3832,313,100655
12:55:13.206,8557,973.6328125,250.9765625,-58.59375,-0.1429424657383356,-0.07574728953655392,-0.009773843811168246,-1230,-1650,-1247,3832,313,100655
12:55:13.226,8558,976.5625,243.1640625,-73.2421875,-0.1233947781159991,-0.0830776723949301,-0.0012217304763960308,-1230,-1650,-1247,3832,313,100655
12:55:13.246,8559,984.375,242.1875,-93.75,-0.14416419621473164,-0.09651670763528641,-0.007330382858376184,-1235,-1652,-1241,3832,313,100655
12:55:13.266,8560,1006.8359375,211.9140625,-140.625,-0.29688050576423547,-0.11850785621041499,-0.020769418098732523,-1235,-1652,-1241,3832,313,100655
12:55:13.287,8561,1003.90625,209.9609375,-170.8984375,-0.5412266010434416,-0.1869247628885927,-0.052534410485029326,-1235,-1652,-1241,3832,313,100655
12:55:13.318,8562,1018.5546875,225.5859375,-208.0078125,-0.7648032782239153,-0.2663372438543347,-0.03420845333908886,-1235,-1652,-1241,3832,313,100655
12:55:13.338,8563,1013.671875,262.6953125,-230.46875,-0.8576547944300136,-0.3738495257771854,0.019547687622336492,-1235,-1652,-1241,3832,313,100655
12:55:13.359,8564,1007.8125,285.15625,-249.0234375,-0.8833111344343304,-0.5241223743738972,0.04520402762665313,-1235,-1651,-1234,3832,313,100655
12:55:13.379,8565,997.0703125,285.15625,-265.625,-0.9615018849236762,-0.6084217772452234,0.006108652381980153,-1235,-1651,-1234,3832,313,100655
12:55:13.389,8566,1000.9765625,277.34375,-276.3671875,-1.0885618544688633,-0.6695083010650249,-0.07086036763096978,-1235,-1651,-1234,3832,313,100655
12:55:13.410,8567,1018.5546875,328.125,-273.4375,-1.1349876125719125,-0.7257079029792424,-0.1148426647812269,-1235,-1651,-1234,3832,313,100655
12:55:13.430,8568,1020.5078125,384.765625,-285.15625,-0.9639453458764682,-0.7757988525114795,-0.16982053621904827,-1235,-1651,-1234,3832,313,100655
12:55:13.451,8569,1026.3671875,383.7890625,-300.78125,-0.7745771220350836,-0.8295549934729048,-0.23945917337362205,-1236,-1647,-1223,3832,313,100655
12:55:13.461,8570,1036.1328125,362.3046875,-313.4765625,-0.6475171524898963,-0.8784242125287461,-0.32375857624494814,-1236,-1647,-1223,3832,313,100655
12:55:13.482,8571,1038.0859375,338.8671875,-325.1953125,-0.5876523591464908,-0.9272934315845873,-0.3652974124424132,-1236,-1647,-1223,3832,313,100655
12:55:13.502,8572,1035.15625,373.046875,-355.46875,-0.5094616086571448,-1.0030407211211414,-0.3885102914939378,-1236,-1647,-1223,3832,313,100655
12:55:13.523,8573,1043.9453125,351.5625,-345.703125,-0.44837508483734323,-1.072679358275715,-0.3811799086355616,-1241,-1624,-1172,3832,313,100655
12:55:13.543,8574,1054.6875,360.3515625,-340.8203125,-0.41172317054546237,-1.1814133706749619,-0.3775147172063735,-1241,-1624,-1172,3832,313,100655
12:55:13.554,8575,1056.640625,376.953125,-362.3046875,-0.3384193419617005,-1.2498302773531396,-0.36896260387160124,-1241,-1624,-1172,3832,313,100655
12:55:13.595,8576,1045.8984375,346.6796875,-364.2578125,-0.1466076571675237,-1.2803735392630404,-0.35674529910764097,-1241,-1624,-1172,3832,313,100655
12:55:13.615,8577,1049.8046875,328.125,-348.6328125,-0.07696902001294993,-1.308473340220149,-0.3335324200561164,-1241,-1624,-1172,3832,313,100655
12:55:13.625,8578,1073.2421875,317.3828125,-335.9375,-0.025656340004316647,-1.3267992973660896,-0.2919935838586513,-1259,-1616,-1158,3832,313,100655
12:55:13.646,8579,1064.453125,338.8671875,-371.09375,0.05619960191421742,-1.3634512116579702,-0.2309070600388498,-1259,-1616,-1158,3832,313,100655
12:55:13.666,8580,1012.6953125,375.9765625,-419.921875,0.23335052099164189,-1.356120828799594,-0.22602013813326569,-1259,-1616,-1158,3832,313,100655
12:55:13.686,8581,987.3046875,406.25,-447.265625,0.40927970959267035,-1.356120828799594,-0.2553416695667704,-1259,-1616,-1158,3832,313,100655
12:55:13.706,8582,974.609375,371.09375,-485.3515625,0.4703662334124718,-1.3756685164219307,-0.3127630019573839,-1259,-1616,-1158,3832,313,100655
12:55:13.737,8583,985.3515625,326.171875,-490.234375,0.34941491624926485,-1.4367550402417322,-0.37140606482439337,-1289,-1604,-1115,3832,313,100655
12:55:13.757,8584,976.5625,345.703125,-508.7890625,0.07452555906015788,-1.5748105840744835,-0.37629298672997746,-1289,-1604,-1115,3832,313,100655
12:55:13.778,8585,952.1484375,375.9765625,-535.15625,-0.10995574287564278,-1.6371188383706814,-0.36163222101322506,-1289,-1604,-1115,3832,313,100655
12:55:13.798,8586,974.609375,407.2265625,-558.59375,-0.16004669240788005,-1.6908749793321065,-0.33475415053251245,-1289,-1604,-1115,3832,313,100655
12:55:13.808,8587,1004.8828125,408.203125,-556.640625,-0.1551597705022959,-1.7238617021947995,-0.3530801076784529,-1289,-1604,-1115,3832,313,100655
12:55:13.829,8588,989.2578125,371.09375,-557.6171875,-0.2932153143350474,-1.7605136164866801,-0.35185837720205687,-1314,-1607,-1067,3832,313,100655
12:55:13.849,8589,969.7265625,386.71875,-570.3125,-0.4789183467472441,-1.7971655307785612,-0.3445279943436807,-1314,-1607,-1067,3832,313,100655
12:55:13.889,8590,950.1953125,458.0078125,-585.9375,-0.45081854579013536,-1.8020524526841455,-0.3335324200561164,-1314,-1607,-1067,3832,313,100655
12:55:13.900,8591,961.9140625,483.3984375,-586.9140625,-0.20891591146372127,-1.782504765061809,-0.33108895910332437,-1314,-1607,-1067,3832,313,100654
12:55:13.920,8592,903.3203125,463.8671875,-592.7734375,0.09040805525330627,-1.7629570774394723,-0.3628539514896212,-1361,-1595,-1012,3832,313,100654
12:55:13.940,8593,823.2421875,420.8984375,-606.4453125,0.24923301718479027,-1.7299703545767793,-0.4227187448330266,-1361,-1595,-1012,3832,313,100654
12:55:13.961,8594,786.1328125,370.1171875,-617.1875,0.23701571242082997,-1.7177530498128195,-0.4679227724596798,-1361,-1595,-1012,3832,313,100654
12:55:13.971,8595,780.2734375,366.2109375,-634.765625,0.10018189906447451,-1.711644397430839,-0.4813618077000361,-1361,-1595,-1012,3832,313,100654
12:55:13.991,8596,791.015625,379.8828125,-624.0234375,-0.05497787143782139,-1.714087858383631,-0.4618141200776996,-1361,-1595,-1012,3832,313,100654
12:55:14.12,8597,734.375,402.34375,-618.1640625,-0.0317649923862968,-1.6945401707612944,-0.4447098934081552,-1418,-1585,-981,3832,313,100654
12:55:14.32,8598,692.3828125,423.828125,-679.6875,0.2101376419401173,-1.6371188383706814,-0.44837508483734323,-1418,-1585,-981,3832,313,100654
12:55:14.53,8599,683.59375,365.234375,-669.921875,0.4459316238845512,-1.5699236621688994,-0.4471533543609472,-1418,-1585,-981,3832,313,100654
12:55:14.63,8600,635.7421875,348.6328125,-682.6171875,0.592539281052075,-1.5137240602546822,-0.3897320219703338,-1418,-1585,-981,3832,313,100654
12:55:14.83,8601,628.90625,341.796875,-696.2890625,0.6096435077216195,-1.472185224057217,-0.3298672286269283,-1418,-1585,-981,3832,313,100654
12:55:14.103,8602,612.3046875,333.0078125,-708.984375,0.5778785153353226,-1.473406954533613,-0.2736676267127109,-1476,-1587,-943,3832,313,100654
12:55:14.124,8603,583.984375,319.3359375,-722.65625,0.45204027626653137,-1.4636331107224447,-0.238237442897226,-1476,-1587,-943,3832,313,100654
12:55:14.155,8604,562.5,382.8125,-769.53125,0.3286454981505323,-1.4892894507267616,-0.1734857276482364,-1476,-1587,-943,3832,313,100654
12:55:14.175,8605,498.046875,379.8828125,-813.4765625,0.37018433434799736,-1.475850415486405,-0.1466076571675237,-1476,-1587,-943,3832,313,100654
12:55:14.196,8606,488.28125,340.8203125,-770.5078125,0.31520646291017596,-1.4611896497696528,-0.1478293876439197,-1540,-1613,-904,3832,313,100654
12:55:14.216,8607,466.796875,321.2890625,-791.015625,0.23212879051524585,-1.4624113802460488,-0.15760323145508798,-1540,-1613,-904,3832,313,100654
12:55:14.227,8608,414.0625,342.7734375,-808.59375,0.16982053621904827,-1.466076571675237,-0.19669860669976097,-1540,-1613,-904,3832,313,100654
12:55:14.247,8609,403.3203125,353.515625,-797.8515625,0.16859880574265224,-1.4391985011945243,-0.20158552860534507,-1540,-1613,-904,3832,313,100654
12:55:14.267,8610,367.1875,351.5625,-815.4296875,0.1893682238413848,-1.425759465954168,-0.19303341527057283,-1540,-1613,-904,3832,313,100654
12:55:14.308,8611,361.328125,296.875,-799.8046875,0.10506882097005865,-1.4001031259498513,-0.20647245051092922,-1599,-1628,-898,3832,313,100654
12:55:14.318,8612,318.359375,282.2265625,-789.0625,-0.06108652381980154,-1.3817771688039107,-0.22602013813326569,-1599,-1628,-898,3832,313,100654
12:55:14.359,8613,291.9921875,308.59375,-792.96875,-0.22724186860966175,-1.3353514107008617,-0.22479840765686968,-1599,-1628,-898,3832,313,100654
12:55:14.380,8614,220.703125,333.984375,-799.8046875,-0.1502728485967118,-1.2828170002158323,-0.2211332162276816,-1599,-1628,-898,3832,313,100654
12:55:14.390,8615,203.125,326.171875,-787.109375,-0.023212879051524585,-1.2229522068724268,-0.20402898955813717,-1599,-1628,-898,3832,313,100654
12:55:14.410,8616,188.4765625,293.9453125,-755.859375,0.06963863715457375,-1.1691960659110014,-0.16859880574265224,-1655,-1637,-890,3832,313,100654
12:55:14.430,8617,165.0390625,287.109375,-785.15625,0.020769418098732523,-1.1105530030439918,-0.16371188383706814,-1655,-1637,-890,3832,313,100654
12:55:14.451,8618,100.5859375,263.671875,-750.0,-0.08918632477691024,-1.067792436370131,-0.15882496193148402,-1655,-1637,-890,3832,313,100654
12:55:14.471,8619,63.4765625,248.046875,-744.140625,-0.23579398194443396,-1.0164797563614976,-0.13683381335635544,-1655,-1637,-890,3832,313,100654
12:55:14.481,8620,94.7265625,335.9375,-752.9296875,-0.35063664672566086,-0.9688322677820524,-0.07941248096574201,-1701,-1632,-897,3832,313,100654
12:55:14.502,8621,61.5234375,370.1171875,-763.671875,-0.13316862192716736,-0.8833111344343304,-0.05375614096142535,-1701,-1632,-897,3832,313,100654
12:55:14.522,8622,30.2734375,335.9375,-793.9453125,0.08918632477691024,-0.7953465401338161,-0.06475171524898964,-1701,-1632,-897,3832,313,100654
12:55:14.542,8623,44.921875,282.2265625,-826.171875,0.06475171524898964,-0.7220427115500542,-0.11972958668681102,-1701,-1632,-897,3832,313,100654
12:55:14.563,8624,-7.8125,287.109375,-883.7890625,-0.10506882097005865,-0.6927211801165495,-0.11362093430483088,-1701,-1632,-897,3832,313,100654
12:55:14.573,8625,-2.9296875,301.7578125,-900.390625,-0.23212879051524585,-0.6963863715457376,-0.07819075048934597,-1734,-1634,-894,3832,313,100654
12:55:14.594,8626,-11.71875,319.3359375,-883.7890625,-0.2919935838586513,-0.7024950239277178,-0.06963863715457375,-1734,-1634,-894,3832,313,100654
12:55:14.615,8627,-27.34375,353.515625,-878.90625,-0.2651155133779387,-0.7024950239277178,-0.05497787143782139,-1734,-1634,-894,3832,313,100654
12:55:14.635,8628,-22.4609375,384.765625,-904.296875,-0.03054326190990077,-0.6853907972581733,-0.052534410485029326,-1734,-1634,-894,3832,313,100654
12:55:14.645,8629,-59.5703125,331.0546875,-908.203125,0.18570303241219668,-0.6414085001079162,-0.07696902001294993,-1734,-1634,-894,3832,313,100654
12:55:14.666,8630,-48.828125,306.640625,-887.6953125,0.1710422666954443,-0.6108652381980153,-0.06963863715457375,-1767,-1630,-892,3832,313,100654
12:55:14.686,8631,-62.5,306.640625,-901.3671875,0.07696902001294993,-0.6133086991508074,-0.04642575810304917,-1767,-1630,-892,3832,313,100654
12:55:14.727,8632,-93.75,328.125,-894.53125,0.0024434609527920616,-0.6010913943868472,-0.05619960191421742,-1767,-1630,-892,3832,313,100654
12:55:14.737,8633,-89.84375,276.3671875,-835.9375,-0.03665191429188092,-0.6084217772452234,-0.08552113334772216,-1767,-1630,-892,3832,313,100654
12:55:14.758,8634,-101.5625,279.296875,-832.03125,-0.12461650859239513,-0.5998696639104512,-0.0989601685880785,-1791,-1639,-899,3832,313,100654
12:55:14.778,8635,-127.9296875,294.921875,-838.8671875,-0.16004669240788005,-0.5644394800949663,-0.0635299847725936,-1791,-1639,-899,3832,313,100654
12:55:14.799,8636,-133.7890625,305.6640625,-803.7109375,-0.16737707526625623,-0.5180137219919171,-0.04398229715025711,-1791,-1639,-899,3832,313,100654
12:55:14.809,8637,-136.71875,298.828125,-797.8515625,-0.12461650859239513,-0.4422664324553632,-0.039095375244672985,-1791,-1639,-899,3832,313,100654
12:55:14.830,8638,-137.6953125,277.34375,-827.1484375,-0.16737707526625623,-0.39950586578150205,-0.05619960191421742,-1791,-1639,-899,3832,313,100654
12:55:14.850,8639,-167.96875,320.3125,-857.421875,-0.2419026343264141,-0.3640756819660172,-0.05742133239061345,-1809,-1636,-902,3832,313,100654
12:55:14.871,8640,-158.203125,355.46875,-841.796875,-0.1734857276482364,-0.3469714552964728,-0.04398229715025711,-1809,-1636,-902,3832,313,100654
12:55:14.891,8641,-161.1328125,307.6171875,-794.921875,-0.12095131716320705,-0.3323106895797204,-0.05497787143782139,-1809,-1636,-902,3832,312,100644
12:55:14.901,8642,-151.3671875,319.3359375,-816.40625,-0.17226399717184035,-0.3127630019573839,-0.06230825429619757,-1809,-1636,-902,3832,312,100644
12:55:14.922,8643,-177.734375,324.21875,-850.5859375,-0.15882496193148402,-0.26267205242514663,-0.05742133239061345,-1809,-1636,-902,3832,312,100644
12:55:14.943,8644,-176.7578125,330.078125,-844.7265625,-0.09285151620609834,-0.21258110289290938,-0.03665191429188092,-1820,-1629,-917,3832,312,100644
12:55:14.994,8645,-166.015625,292.96875,-832.03125,-0.10262536001726659,-0.1942551457469689,-0.048869219055841226,-1820,-1629,-917,3832,312,100644
12:55:15.14,8646,-188.4765625,297.8515625,-860.3515625,-0.22479840765686968,-0.1820378409830086,-0.04520402762665313,-1820,-1629,-917,3832,312,100644
12:55:15.35,8647,-189.453125,353.515625,-889.6484375,-0.23212879051524585,-0.15638150097869194,-0.03420845333908886,-1820,-1629,-917,3832,312,100644
12:55:15.55,8648,-182.6171875,358.3984375,-873.046875,-0.1502728485967118,-0.1478293876439197,-0.03420845333908886,-1831,-1631,-920,3832,312,100644
12:55:15.66,8649,-150.390625,316.40625,-828.125,-0.10873401239924674,-0.1356120828799594,-0.0158824961931484,-1831,-1631,-920,3832,312,100644
12:55:15.86,8650,-181.640625,333.984375,-882.8125,-0.16126842288427604,-0.13805554383275148,-0.03543018381548489,-1831,-1631,-920,3832,312,100644
12:55:15.106,8651,-202.1484375,336.9140625,-891.6015625,-0.16371188383706814,-0.10018189906447451,-0.039095375244672985,-1831,-1631,-920,3832,312,100644
12:55:15.126,8652,-190.4296875,351.5625,-870.1171875,-0.1478293876439197,-0.08063421144213802,-0.029321531433504737,-1831,-1631,-920,3832,312,100644
12:55:15.147,8653,-176.7578125,357.421875,-891.6015625,-0.10018189906447451,-0.04031710572106901,-0.05009094953223726,-1833,-1625,-912,3832,312,100644
12:55:15.157,8654,-182.6171875,353.515625,-903.3203125,-0.06841690667817772,-0.04153883619746505,-0.04520402762665313,-1833,-1625,-912,3832,312,100644
12:55:15.177,8655,-174.8046875,347.65625,-882.8125,-0.1038470904936626,-0.05986479334340551,-0.0024434609527920616,-1833,-1625,-912,3832,312,100644
